{
    "combined_score": 0,
    "public": {
        "competitive_ratio": 1.0666666666666667,
        "num_intervals": 675,
        "intervals": "[(4837.0, 4838.0), (4839.0, 4840.0), (4841.0, 4842.0), (4843.0, 4844.0), (4839.45, 4869.55), (4871.0, 4872.0), (4869.0, 4870.0), (4867.0, 4868.0), (4865.0, 4866.0), (4867.45, 4897.55), (4893.0, 4894.0), (4895.0, 4896.0), (4897.0, 4898.0), (4899.0, 4900.0), (4895.45, 4925.55), (4927.0, 4928.0), (4925.0, 4926.0), (4923.0, 4924.0), (4921.0, 4922.0), (4830.0, 4858.0), (4907.0, 4935.0), (4851.0, 4886.0), (4879.0, 4914.0), (4833.5, 4840.5), (4854.5, 4861.5), (4875.5, 4882.5), (4896.5, 4903.5), (4842.6, 4852.4), (4870.6, 4880.4), (4898.6, 4908.4), (4866.75, 5108.25), (5108.6, 5118.4), (5080.6, 5090.4), (5052.6, 5062.4), (5106.5, 5113.5), (5085.5, 5092.5), (5064.5, 5071.5), (5043.5, 5050.5), (5089.0, 5124.0), (5061.0, 5096.0), (5117.0, 5145.0), (5040.0, 5068.0), (5131.0, 5132.0), (5133.0, 5134.0), (5135.0, 5136.0), (5137.0, 5138.0), (5105.45, 5135.55), (5109.0, 5110.0), (5107.0, 5108.0), (5105.0, 5106.0), (5103.0, 5104.0), (5077.45, 5107.55), (5075.0, 5076.0), (5077.0, 5078.0), (5079.0, 5080.0",
        "alg": 16,
        "opt": 15
    },
    "execution_time_mean": 0.00020359596237540245,
    "execution_time_std": 0.0,
    "num_valid_runs": 1,
    "num_invalid_runs": 0,
    "all_validation_errors": []
}