{
    "combined_score": 0,
    "public": {
        "competitive_ratio": 1.9230769230769231,
        "num_intervals": 10921,
        "intervals": "[(20025899, 20025900), (20359983, 20359984), (20694067, 20694068), (21028151, 21028152), (20027055, 20027056), (20361139, 20361140), (20695223, 20695224), (21029307, 21029308), (20028211, 20028212), (20362295, 20362296), (20696379, 20696380), (21030463, 21030464), (20029367, 20029368), (20363451, 20363452), (20697535, 20697536), (21031619, 21031620), (20025903, 20025904), (20359987, 20359988), (20694071, 20694072), (21028155, 21028156), (20027059, 20027060), (20361143, 20361144), (20695227, 20695228), (21029311, 21029312), (20028215, 20028216), (20362299, 20362300), (20696383, 20696384), (21030467, 21030468), (20029371, 20029372), (20363455, 20363456), (20697539, 20697540), (21031623, 21031624), (20025907, 20025908), (20359991, 20359992), (20694075, 20694076), (21028159, 21028160), (20027063, 20027064), (20361147, 20361148), (20695231, 20695232), (21029315, 21029316), (20028219, 20028220), (20362303, 20362304), (20696387, 20696388), (21030471, 21030472), (20029375, 20029376), (20363459",
        "alg": 25,
        "opt": 13
    },
    "execution_time_mean": 0.005744758062064648,
    "execution_time_std": 0.0,
    "num_valid_runs": 0,
    "num_invalid_runs": 1,
    "all_validation_errors": [
        "Length 10921 exceeds the max limit of 10000 intervals"
    ]
}