{
    "combined_score": 1.5,
    "public": {
        "competitive_ratio": 2.142857142857143,
        "num_intervals": 3124,
        "intervals": "[(126148, 126149), (301648, 301649), (477148, 477149), (652648, 652649), (114448, 114449), (289948, 289949), (465448, 465449), (640948, 640949), (102748, 102749), (278248, 278249), (453748, 453749), (629248, 629249), (91048, 91049), (266548, 266549), (442048, 442049), (617548, 617549), (126928, 126929), (302428, 302429), (477928, 477929), (653428, 653429), (115228, 115229), (290728, 290729), (466228, 466229), (641728, 641729), (103528, 103529), (279028, 279029), (454528, 454529), (630028, 630029), (91828, 91829), (267328, 267329), (442828, 442829), (618328, 618329), (127708, 127709), (303208, 303209), (478708, 478709), (654208, 654209), (116008, 116009), (291508, 291509), (467008, 467009), (642508, 642509), (104308, 104309), (279808, 279809), (455308, 455309), (630808, 630809), (92608, 92609), (268108, 268109), (443608, 443609), (619108, 619109), (128488, 128489), (303988, 303989), (479488, 479489), (654988, 654989), (116788, 116789), (292288, 292289), (467788, 467789), (643288, 643289",
        "alg": 15,
        "opt": 7
    },
    "execution_time_mean": 0.005599335767328739,
    "execution_time_std": 0.0,
    "num_valid_runs": 1,
    "num_invalid_runs": 0,
    "all_validation_errors": []
}