{
    "combined_score": 0.4,
    "public": {
        "competitive_ratio": 2.0,
        "num_intervals": 12,
        "intervals": "[(70.21884313010386, 81.49894106372123), (86.40472813784486, 98.3452465285067), (84.50942420798123, 89.68770317328965), (57.486573508692715, 85.64472597833664), (4.12479710238903, 10.26594800349404), (16.719328935060574, 20.00731441816881), (40.825785281404606, 42.5581279608221), (38.2876730255685, 48.272102273761), (18.444909637064832, 32.54485754750048), (51.47754103860037, 54.62463684752855), (23.455245500167578, 34.492833828664786), (44.092234041669734, 60.0858622850701)]",
        "alg": 4,
        "opt": 2
    },
    "execution_time_mean": 1.000176823232323,
    "execution_time_std": 0.0,
    "num_valid_runs": 1,
    "num_invalid_runs": 0,
    "all_validation_errors": []
}