{
    "combined_score": 1.6666666666666667,
    "public": {
        "num_intervals": 57,
        "intervals": "[(4, 6), (5, 7), (10, 12), (11, 13), (16, 18), (17, 19), (22, 24), (23, 25), (3, 9), (20, 26), (8, 15), (14, 21), (2, 27), (32, 34), (33, 35), (38, 40), (39, 41), (44, 46), (45, 47), (50, 52), (51, 53), (31, 37), (48, 54), (36, 43), (42, 49), (30, 55), (60, 62), (61, 63), (66, 68), (67, 69), (72, 74), (73, 75), (78, 80), (79, 81), (59, 65), (76, 82), (64, 71), (70, 77), (58, 83), (88, 90), (89, 91), (94, 96), (95, 97), (100, 102), (101, 103), (106, 108), (107, 109), (87, 93), (104, 110), (92, 99), (98, 105), (86, 111), (1, 29), (84, 112), (28, 57), (56, 85), (0, 113)]",
        "alg": 10,
        "opt": 6
    },
    "execution_time_mean": 6.635819891933352,
    "execution_time_std": 0.0,
    "num_valid_runs": 1,
    "num_invalid_runs": 0,
    "all_validation_errors": []
}