{
    "combined_score": 1.5,
    "public": {
        "competitive_ratio": 2.142857142857143,
        "num_intervals": 9800,
        "intervals": "[(11485546, 11485547), (11637421, 11637422), (11941171, 11941172), (12093046, 12093047), (11486446, 11486447), (11638321, 11638322), (11942071, 11942072), (12093946, 12093947), (11487346, 11487347), (11639221, 11639222), (11942971, 11942972), (12094846, 12094847), (11488246, 11488247), (11640121, 11640122), (11943871, 11943872), (12095746, 12095747), (11485550, 11485551), (11637425, 11637426), (11941175, 11941176), (12093050, 12093051), (11486450, 11486451), (11638325, 11638326), (11942075, 11942076), (12093950, 12093951), (11487350, 11487351), (11639225, 11639226), (11942975, 11942976), (12094850, 12094851), (11488250, 11488251), (11640125, 11640126), (11943875, 11943876), (12095750, 12095751), (11485554, 11485555), (11637429, 11637430), (11941179, 11941180), (12093054, 12093055), (11486454, 11486455), (11638329, 11638330), (11942079, 11942080), (12093954, 12093955), (11487354, 11487355), (11639229, 11639230), (11942979, 11942980), (12094854, 12094855), (11488254, 11488255), (11640129",
        "alg": 15,
        "opt": 7
    },
    "execution_time_mean": 0.006172355730086565,
    "execution_time_std": 0.0,
    "num_valid_runs": 1,
    "num_invalid_runs": 0,
    "all_validation_errors": []
}