{
    "combined_score": 1.2000000000000002,
    "public": {
        "competitive_ratio": 1.2,
        "num_intervals": 2866,
        "intervals": "[(877.8000000000001, 878.8000000000001), (878.3000000000001, 880.3000000000001), (879.8000000000001, 880.8000000000001), (880.3000000000001, 882.3000000000001), (881.8000000000001, 882.8000000000001), (882.3000000000001, 884.3000000000001), (883.8000000000001, 884.8000000000001), (884.3000000000001, 886.3000000000001), (885.8000000000001, 886.8000000000001), (886.3000000000001, 888.3000000000001), (887.8000000000001, 888.8000000000001), (888.3000000000001, 890.3000000000001), (889.8000000000001, 890.8000000000001), (890.3000000000001, 892.3000000000001), (891.8000000000001, 892.8000000000001), (876.8000000000001, 880.8000000000001), (887.8000000000001, 891.8000000000001), (879.8000000000001, 884.8000000000001), (883.8000000000001, 888.8000000000001), (876.8000000000001, 877.1600000000001), (877.8000000000001, 878.1600000000001), (878.8000000000001, 879.1600000000001), (884.8000000000001, 916.8000000000001), (910.8000000000001, 911.1600000000001), (909.8000000000001, 910.1600000000001),",
        "alg": 12,
        "opt": 10
    },
    "execution_time_mean": 0.001986708026379347,
    "execution_time_std": 0.0,
    "num_valid_runs": 1,
    "num_invalid_runs": 0,
    "all_validation_errors": []
}