{
    "combined_score": 0,
    "public": {
        "competitive_ratio": 1.4285714285714286,
        "num_intervals": 9800,
        "intervals": "[(9966796, 9966797), (7036875, 7340625), (3891796, 3891797), (961875, 1265625), (10148625, 10165500), (6935625, 7441875), (4073625, 4090500), (860625, 1366875), (10371796, 10371797), (7188750, 7441875), (4296796, 4296797), (1113750, 1366875), (10553625, 10570500), (6986250, 7239375), (4478625, 4495500), (911250, 1164375), (9954450, 9955575), (7391250, 7593750), (3879450, 3880575), (1316250, 1518750), (10135125, 10152000), (6834375, 7036875), (4060125, 4077000), (759375, 961875), (10359450, 10360575), (7536796, 7536797), (4284450, 4285575), (1461796, 1461797), (10540125, 10557000), (7313625, 7330500), (4465125, 4482000), (1238625, 1255500), (9939796, 9939797), (7131796, 7131797), (3864796, 3864797), (1056796, 1056797), (10162125, 10175625), (6908625, 6925500), (4087125, 4100625), (833625, 850500), (10344796, 10344797), (7524450, 7525575), (4269796, 4269797), (1449450, 1450575), (10567125, 10580625), (7300125, 7317000), (4492125, 4505625), (1225125, 1242000), (9927450, 9928575), (7119450",
        "alg": 20,
        "opt": 14
    },
    "execution_time_mean": 0.005797738675028086,
    "execution_time_std": 0.0,
    "num_valid_runs": 1,
    "num_invalid_runs": 0,
    "all_validation_errors": []
}