{
    "combined_score": 0,
    "public": {
        "competitive_ratio": 2.1818181818181817,
        "num_intervals": 9800,
        "intervals": "[(9966796, 9966797), (9966800, 9966801), (9966804, 9966805), (9966808, 9966809), (9966795, 9966799), (9966806, 9966810), (9966798, 9966803), (9966802, 9966807), (9966736, 9966737), (9966740, 9966741), (9966744, 9966745), (9966748, 9966749), (9966735, 9966739), (9966746, 9966750), (9966738, 9966743), (9966742, 9966747), (9966676, 9966677), (9966680, 9966681), (9966684, 9966685), (9966688, 9966689), (9966675, 9966679), (9966686, 9966690), (9966678, 9966683), (9966682, 9966687), (9966616, 9966617), (9966620, 9966621), (9966624, 9966625), (9966628, 9966629), (9966615, 9966619), (9966626, 9966630), (9966618, 9966623), (9966622, 9966627), (9966600, 9966660), (9966765, 9966825), (9966645, 9966720), (9966705, 9966780), (9967696, 9967697), (9967700, 9967701), (9967704, 9967705), (9967708, 9967709), (9967695, 9967699), (9967706, 9967710), (9967698, 9967703), (9967702, 9967707), (9967636, 9967637), (9967640, 9967641), (9967644, 9967645), (9967648, 9967649), (9967635, 9967639), (9967646, 9967650),",
        "alg": 24,
        "opt": 11
    },
    "execution_time_mean": 0.010605990886688232,
    "execution_time_std": 0.0,
    "num_valid_runs": 1,
    "num_invalid_runs": 0,
    "all_validation_errors": []
}