{
    "combined_score": 0,
    "public": {
        "competitive_ratio": 2.1818181818181817,
        "num_intervals": 9800,
        "intervals": "[(1572991, 1572992), (1775491, 1775492), (1977991, 1977992), (2180491, 2180492), (1573891, 1573892), (1776391, 1776392), (1978891, 1978892), (2181391, 2181392), (1574791, 1574792), (1777291, 1777292), (1979791, 1979792), (2182291, 2182292), (1575691, 1575692), (1778191, 1778192), (1980691, 1980692), (2183191, 2183192), (1572995, 1572996), (1775495, 1775496), (1977995, 1977996), (2180495, 2180496), (1573895, 1573896), (1776395, 1776396), (1978895, 1978896), (2181395, 2181396), (1574795, 1574796), (1777295, 1777296), (1979795, 1979796), (2182295, 2182296), (1575695, 1575696), (1778195, 1778196), (1980695, 1980696), (2183195, 2183196), (1572999, 1573000), (1775499, 1775500), (1977999, 1978000), (2180499, 2180500), (1573899, 1573900), (1776399, 1776400), (1978899, 1978900), (2181399, 2181400), (1574799, 1574800), (1777299, 1777300), (1979799, 1979800), (2182299, 2182300), (1575699, 1575700), (1778199, 1778200), (1980699, 1980700), (2183199, 2183200), (1573003, 1573004), (1775503, 1775504),",
        "alg": 24,
        "opt": 11
    },
    "execution_time_mean": 0.006156811956316233,
    "execution_time_std": 0.0,
    "num_valid_runs": 1,
    "num_invalid_runs": 0,
    "all_validation_errors": []
}