{
    "combined_score": 0,
    "public": {
        "competitive_ratio": 1.0454545454545454,
        "num_intervals": 3875,
        "intervals": "[(52004, 53352), (22625, 22659), (167780, 169128), (138401, 138435), (109892, 111240), (80513, 80547), (51326, 52674), (21891, 21892), (167102, 168450), (137667, 137668), (109214, 110562), (79779, 79780), (57077, 57078), (25441, 25475), (172853, 172854), (141217, 141251), (114965, 114966), (83329, 83363), (57887, 57888), (24707, 24708), (173663, 173664), (140483, 140484), (115775, 115776), (82595, 82596), (54261, 54262), (24033, 24067), (170037, 170038), (139809, 139843), (112149, 112150), (81921, 81955), (55071, 55072), (23299, 23300), (170847, 170848), (139075, 139076), (112959, 112960), (81187, 81188), (55647, 55648), (22605, 22639), (171423, 171424), (138381, 138415), (113535, 113536), (80493, 80527), (56327, 56361), (21925, 21926), (172103, 172137), (137701, 137702), (114215, 114249), (79813, 79814), (57055, 57056), (25421, 25455), (172831, 172832), (141197, 141231), (114943, 114944), (83309, 83343), (57735, 57769), (24741, 24742), (173511, 173545), (140517, 140518), (115623, 1156",
        "alg": 23,
        "opt": 22
    },
    "execution_time_mean": 0.007561781909316778,
    "execution_time_std": 0.0,
    "num_valid_runs": 1,
    "num_invalid_runs": 0,
    "all_validation_errors": []
}