{
    "combined_score": 2.0,
    "public": {
        "competitive_ratio": 2.2222222222222223,
        "num_intervals": 9558,
        "intervals": "[(705616, 705617), (3338116, 3338117), (5970616, 5970617), (8603116, 8603117), (881116, 881117), (3513616, 3513617), (6146116, 6146117), (8778616, 8778617), (1056616, 1056617), (3689116, 3689117), (6321616, 6321617), (8954116, 8954117), (1232116, 1232117), (3864616, 3864617), (6497116, 6497117), (9129616, 9129617), (712366, 712367), (3344866, 3344867), (5977366, 5977367), (8609866, 8609867), (887866, 887867), (3520366, 3520367), (6152866, 6152867), (8785366, 8785367), (1063366, 1063367), (3695866, 3695867), (6328366, 6328367), (8960866, 8960867), (1238866, 1238867), (3871366, 3871367), (6503866, 6503867), (9136366, 9136367), (725866, 725867), (3358366, 3358367), (5990866, 5990867), (8623366, 8623367), (901366, 901367), (3533866, 3533867), (6166366, 6166367), (8798866, 8798867), (1076866, 1076867), (3709366, 3709367), (6341866, 6341867), (8974366, 8974367), (1252366, 1252367), (3884866, 3884867), (6517366, 6517367), (9149866, 9149867), (739366, 739367), (3371866, 3371867), (6004366, 600",
        "alg": 20,
        "opt": 9
    },
    "execution_time_mean": 0.005448213778436184,
    "execution_time_std": 0.0,
    "num_valid_runs": 1,
    "num_invalid_runs": 0,
    "all_validation_errors": []
}