{
    "combined_score": 0,
    "public": {
        "competitive_ratio": 2.1818181818181817,
        "num_intervals": 9800,
        "intervals": "[(813616, 813617), (1016116, 1016117), (1218616, 1218617), (1421116, 1421117), (814516, 814517), (1017016, 1017017), (1219516, 1219517), (1422016, 1422017), (815416, 815417), (1017916, 1017917), (1220416, 1220417), (1422916, 1422917), (816316, 816317), (1018816, 1018817), (1221316, 1221317), (1423816, 1423817), (813620, 813621), (1016120, 1016121), (1218620, 1218621), (1421120, 1421121), (814520, 814521), (1017020, 1017021), (1219520, 1219521), (1422020, 1422021), (815420, 815421), (1017920, 1017921), (1220420, 1220421), (1422920, 1422921), (816320, 816321), (1018820, 1018821), (1221320, 1221321), (1423820, 1423821), (813624, 813625), (1016124, 1016125), (1218624, 1218625), (1421124, 1421125), (814524, 814525), (1017024, 1017025), (1219524, 1219525), (1422024, 1422025), (815424, 815425), (1017924, 1017925), (1220424, 1220425), (1422924, 1422925), (816324, 816325), (1018824, 1018825), (1221324, 1221325), (1423824, 1423825), (813628, 813629), (1016128, 1016129), (1218628, 1218629), (1421",
        "alg": 24,
        "opt": 11
    },
    "execution_time_mean": 0.012790268287062645,
    "execution_time_std": 0.0,
    "num_valid_runs": 1,
    "num_invalid_runs": 0,
    "all_validation_errors": []
}