{
    "combined_score": 2.3000000000000003,
    "public": {
        "competitive_ratio": 2.3,
        "num_intervals": 9800,
        "intervals": "[(13763671, 13763672), (10726171, 10726172), (7688671, 7688672), (4651171, 4651172), (13966171, 13966172), (10928671, 10928672), (7891171, 7891172), (4853671, 4853672), (14168671, 14168672), (11131171, 11131172), (8093671, 8093672), (5056171, 5056172), (14371171, 14371172), (11333671, 11333672), (8296171, 8296172), (5258671, 5258672), (13750171, 13750172), (10712671, 10712672), (7675171, 7675172), (4637671, 4637672), (13952671, 13952672), (10915171, 10915172), (7877671, 7877672), (4840171, 4840172), (14155171, 14155172), (11117671, 11117672), (8080171, 8080172), (5042671, 5042672), (14357671, 14357672), (11320171, 11320172), (8282671, 8282672), (5245171, 5245172), (13736671, 13736672), (10699171, 10699172), (7661671, 7661672), (4624171, 4624172), (13939171, 13939172), (10901671, 10901672), (7864171, 7864172), (4826671, 4826672), (14141671, 14141672), (11104171, 11104172), (8066671, 8066672), (5029171, 5029172), (14344171, 14344172), (11306671, 11306672), (8269171, 8269172), (5231671, 5",
        "alg": 23,
        "opt": 10
    },
    "execution_time_mean": 0.006596842780709267,
    "execution_time_std": 0.0,
    "num_valid_runs": 1,
    "num_invalid_runs": 0,
    "all_validation_errors": []
}