{
    "combined_score": 0,
    "public": {
        "competitive_ratio": 1.8461538461538463,
        "num_intervals": 9800,
        "intervals": "[(15598771, 15598772), (15828271, 15828272), (16057771, 16057772), (16287271, 16287272), (15599671, 15599672), (15829171, 15829172), (16058671, 16058672), (16288171, 16288172), (15600571, 15600572), (15830071, 15830072), (16059571, 16059572), (16289071, 16289072), (15601471, 15601472), (15830971, 15830972), (16060471, 16060472), (16289971, 16289972), (15598775, 15598776), (15828275, 15828276), (16057775, 16057776), (16287275, 16287276), (15599675, 15599676), (15829175, 15829176), (16058675, 16058676), (16288175, 16288176), (15600575, 15600576), (15830075, 15830076), (16059575, 16059576), (16289075, 16289076), (15601475, 15601476), (15830975, 15830976), (16060475, 16060476), (16289975, 16289976), (15598779, 15598780), (15828279, 15828280), (16057779, 16057780), (16287279, 16287280), (15599679, 15599680), (15829179, 15829180), (16058679, 16058680), (16288179, 16288180), (15600579, 15600580), (15830079, 15830080), (16059579, 16059580), (16289079, 16289080), (15601479, 15601480), (15830979",
        "alg": 24,
        "opt": 13
    },
    "execution_time_mean": 0.006276763044297695,
    "execution_time_std": 0.0,
    "num_valid_runs": 1,
    "num_invalid_runs": 0,
    "all_validation_errors": []
}