{
    "combined_score": 0,
    "public": {
        "competitive_ratio": 1.4615384615384615,
        "num_intervals": 9800,
        "intervals": "[(8061277, 8061282), (8218350, 8221500), (8388877, 8388882), (8545950, 8549100), (8061727, 8061732), (8199450, 8215200), (8389327, 8389332), (8527050, 8542800), (8062627, 8062632), (8224650, 8230950), (8390227, 8390232), (8552250, 8558550), (8063527, 8063532), (8190000, 8208900), (8391127, 8391132), (8517600, 8536500), (8061273, 8061278), (8194050, 8196300), (8388873, 8388878), (8521650, 8523900), (8061723, 8061728), (8194275, 8195400), (8389323, 8389328), (8521875, 8523000), (8062623, 8062628), (8193825, 8194500), (8390223, 8390228), (8521425, 8522100), (8063523, 8063528), (8195175, 8196075), (8391123, 8391128), (8522775, 8523675), (8061281, 8061285), (8193150, 8193600), (8388881, 8388885), (8520750, 8521200), (8061731, 8061735), (8195730, 8195805), (8389331, 8389335), (8523330, 8523405), (8062631, 8062635), (8194830, 8194905), (8390231, 8390235), (8522430, 8522505), (8063531, 8063535), (8193930, 8194005), (8391131, 8391135), (8521530, 8521605), (8061270, 8061274), (8193480, 8193555),",
        "alg": 19,
        "opt": 13
    },
    "execution_time_mean": 0.013521547894924879,
    "execution_time_std": 0.0,
    "num_valid_runs": 1,
    "num_invalid_runs": 0,
    "all_validation_errors": []
}