{
    "combined_score": 0,
    "public": {
        "competitive_ratio": 1.1176470588235294,
        "num_intervals": 2252,
        "intervals": "[(3629.5, 3630.5), (3631.5, 3632.5), (3633.5, 3634.5), (3635.5, 3636.5), (3633.0, 3661.0), (3634.75, 3687.25), (3663.5, 3664.5), (3661.5, 3662.5), (3659.5, 3660.5), (3657.5, 3658.5), (3661.0, 3689.0), (3662.75, 3715.25), (3685.5, 3686.5), (3687.5, 3688.5), (3689.5, 3690.5), (3691.5, 3692.5), (3689.0, 3717.0), (3719.5, 3720.5), (3717.5, 3718.5), (3715.5, 3716.5), (3713.5, 3714.5), (3622.5, 3650.5), (3699.5, 3727.5), (3643.5, 3678.5), (3671.5, 3706.5), (3685.9375, 3687.25), (3688.125, 3689.4375), (3686.8125, 3688.5625), (3689.4375, 3691.1875), (3626.0, 3636.5), (3647.0, 3657.5), (3668.0, 3678.5), (3689.0, 3699.5), (3710.0, 3720.5), (3635.1, 3650.5), (3663.1, 3678.5), (3691.1, 3706.5), (3675.0, 3885.0), (3901.1, 3916.5), (3873.1, 3888.5), (3845.1, 3860.5), (3920.0, 3930.5), (3899.0, 3909.5), (3878.0, 3888.5), (3857.0, 3867.5), (3836.0, 3846.5), (3899.4375, 3901.1875), (3896.8125, 3898.5625), (3898.125, 3899.4375), (3895.9375, 3897.25), (3881.5, 3916.5), (3853.5, 3888.5), (3909.5, 3937.5),",
        "alg": 19,
        "opt": 17
    },
    "execution_time_mean": 0.0021690567955374718,
    "execution_time_std": 0.0,
    "num_valid_runs": 1,
    "num_invalid_runs": 0,
    "all_validation_errors": []
}