{
    "combined_score": 0,
    "public": {
        "competitive_ratio": 1.9230769230769231,
        "num_intervals": 9800,
        "intervals": "[(4651003, 4651004), (7688503, 7688504), (10726003, 10726004), (13763503, 13763504), (4853503, 4853504), (7891003, 7891004), (10928503, 10928504), (13966003, 13966004), (5056003, 5056004), (8093503, 8093504), (11131003, 11131004), (14168503, 14168504), (5258503, 5258504), (8296003, 8296004), (11333503, 11333504), (14371003, 14371004), (4637503, 4637504), (7675003, 7675004), (10712503, 10712504), (13750003, 13750004), (4840003, 4840004), (7877503, 7877504), (10915003, 10915004), (13952503, 13952504), (5042503, 5042504), (8080003, 8080004), (11117503, 11117504), (14155003, 14155004), (5245003, 5245004), (8282503, 8282504), (11320003, 11320004), (14357503, 14357504), (4624003, 4624004), (7661503, 7661504), (10699003, 10699004), (13736503, 13736504), (4826503, 4826504), (7864003, 7864004), (10901503, 10901504), (13939003, 13939004), (5029003, 5029004), (8066503, 8066504), (11104003, 11104004), (14141503, 14141504), (5231503, 5231504), (8269003, 8269004), (11306503, 11306504), (14344003, 14",
        "alg": 25,
        "opt": 13
    },
    "execution_time_mean": 0.015228704083710909,
    "execution_time_std": 0.0,
    "num_valid_runs": 1,
    "num_invalid_runs": 0,
    "all_validation_errors": []
}