{
    "combined_score": 0,
    "public": {
        "competitive_ratio": 1.1333333333333333,
        "num_intervals": 2609,
        "intervals": "[(967.2, 1050.9), (1004.4000000000001, 1088.1000000000001), (1041.6000000000001, 1125.3000000000002), (946.74, 949.53), (947.98, 950.77), (949.22, 952.01), (947.08, 947.26), (947.16, 947.34), (947.24, 947.42), (947.0, 948.0), (947.6, 951.35), (951.08, 951.26), (951.16, 951.34), (951.24, 951.42), (951.0, 952.0), (951.6, 955.35), (955.08, 955.26), (955.16, 955.34), (955.24, 955.42), (955.0, 956.0), (955.6, 959.35), (959.08, 959.26), (959.16, 959.34), (959.24, 959.42), (959.0, 960.0), (946.0, 950.0), (957.0, 961.0), (949.0, 954.0), (953.0, 958.0), (948.5, 951.5), (954.5, 957.5), (945.5, 946.5), (946.2, 947.2), (954.8, 1012.925), (1008.74, 1011.53), (1009.98, 1012.77), (1011.22, 1014.01), (1008.2, 1009.2), (1007.5, 1008.5), (1016.5, 1019.5), (1010.5, 1013.5), (1015.0, 1020.0), (1011.0, 1016.0), (1019.0, 1023.0), (1008.0, 1012.0), (1021.0, 1022.0), (1021.24, 1021.4200000000001), (1021.1600000000001, 1021.3399999999999), (1021.0799999999999, 1021.26), (1017.5999999999999, 1021.3499999999999)",
        "alg": 17,
        "opt": 15
    },
    "execution_time_mean": 0.0018908679485321045,
    "execution_time_std": 0.0,
    "num_valid_runs": 1,
    "num_invalid_runs": 0,
    "all_validation_errors": []
}