{
    "combined_score": 1.9000000000000001,
    "public": {
        "competitive_ratio": 2.7142857142857144,
        "num_intervals": 9800,
        "intervals": "[(6291481, 6291482), (6291485, 6291486), (6291489, 6291490), (6291493, 6291494), (6291480, 6291484), (6291491, 6291495), (6291483, 6291488), (6291487, 6291492), (6291601, 6291602), (6291605, 6291606), (6291609, 6291610), (6291613, 6291614), (6291600, 6291604), (6291611, 6291615), (6291603, 6291608), (6291607, 6291612), (6291721, 6291722), (6291725, 6291726), (6291729, 6291730), (6291733, 6291734), (6291720, 6291724), (6291731, 6291735), (6291723, 6291728), (6291727, 6291732), (6291841, 6291842), (6291845, 6291846), (6291849, 6291850), (6291853, 6291854), (6291840, 6291844), (6291851, 6291855), (6291843, 6291848), (6291847, 6291852), (6291450, 6291570), (6291780, 6291900), (6291540, 6291690), (6291660, 6291810), (6293281, 6293282), (6293285, 6293286), (6293289, 6293290), (6293293, 6293294), (6293280, 6293284), (6293291, 6293295), (6293283, 6293288), (6293287, 6293292), (6293401, 6293402), (6293405, 6293406), (6293409, 6293410), (6293413, 6293414), (6293400, 6293404), (6293411, 6293415),",
        "alg": 19,
        "opt": 7
    },
    "execution_time_mean": 0.0035721170715987682,
    "execution_time_std": 0.0,
    "num_valid_runs": 1,
    "num_invalid_runs": 0,
    "all_validation_errors": []
}