{
    "combined_score": 0,
    "public": {
        "competitive_ratio": 1.0655737704918034,
        "num_intervals": 349482,
        "intervals": "[(3001389.34375, 3001390.34375), (3001391.34375, 3001392.34375), (3001393.34375, 3001394.34375), (3001395.34375, 3001396.34375), (3001423.34375, 3001424.34375), (3001421.34375, 3001422.34375), (3001419.34375, 3001420.34375), (3001417.34375, 3001418.34375), (3001445.34375, 3001446.34375), (3001447.34375, 3001448.34375), (3001449.34375, 3001450.34375), (3001451.34375, 3001452.34375), (3001479.34375, 3001480.34375), (3001477.34375, 3001478.34375), (3001475.34375, 3001476.34375), (3001473.34375, 3001474.34375), (3001382.34375, 3001410.34375), (3001459.34375, 3001487.34375), (3001403.34375, 3001438.34375), (3001431.34375, 3001466.34375), (3001011.34375, 3001046.34375), (3000983.34375, 3001018.34375), (3001039.34375, 3001067.34375), (3000962.34375, 3000990.34375), (3001053.34375, 3001054.34375), (3001055.34375, 3001056.34375), (3001057.34375, 3001058.34375), (3001059.34375, 3001060.34375), (3001031.34375, 3001032.34375), (3001029.34375, 3001030.34375), (3001027.34375, 3001028.34375), (300102",
        "alg": 65,
        "opt": 61
    },
    "execution_time_mean": 0.13210351299494505,
    "execution_time_std": 0.0,
    "num_valid_runs": 0,
    "num_invalid_runs": 1,
    "all_validation_errors": [
        "Length 349482 exceeds the max limit of 10000 intervals"
    ]
}