{
    "combined_score": 0,
    "public": {
        "competitive_ratio": 1.9230769230769231,
        "num_intervals": 10921,
        "intervals": "[(18694783, 18694784), (19028867, 19028868), (19362951, 19362952), (19697035, 19697036), (18695939, 18695940), (19030023, 19030024), (19364107, 19364108), (19698191, 19698192), (18697095, 18697096), (19031179, 19031180), (19365263, 19365264), (19699347, 19699348), (18698251, 18698252), (19032335, 19032336), (19366419, 19366420), (19700503, 19700504), (18694787, 18694788), (19028871, 19028872), (19362955, 19362956), (19697039, 19697040), (18695943, 18695944), (19030027, 19030028), (19364111, 19364112), (19698195, 19698196), (18697099, 18697100), (19031183, 19031184), (19365267, 19365268), (19699351, 19699352), (18698255, 18698256), (19032339, 19032340), (19366423, 19366424), (19700507, 19700508), (18694791, 18694792), (19028875, 19028876), (19362959, 19362960), (19697043, 19697044), (18695947, 18695948), (19030031, 19030032), (19364115, 19364116), (19698199, 19698200), (18697103, 18697104), (19031187, 19031188), (19365271, 19365272), (19699355, 19699356), (18698259, 18698260), (19032343",
        "alg": 25,
        "opt": 13
    },
    "execution_time_mean": 0.003994395956397057,
    "execution_time_std": 0.0,
    "num_valid_runs": 0,
    "num_invalid_runs": 1,
    "all_validation_errors": [
        "Length 10921 exceeds the max limit of 10000 intervals"
    ]
}