{
    "combined_score": 0,
    "public": {
        "competitive_ratio": 1.411764705882353,
        "num_intervals": 4229,
        "intervals": "[(145546, 145547), (348046, 348047), (449296, 449297), (550546, 550547), (753046, 753047), (146446, 146447), (348946, 348947), (450196, 450197), (551446, 551447), (753946, 753947), (146896, 146897), (349396, 349397), (450646, 450647), (551896, 551897), (754396, 754397), (147346, 147347), (349846, 349847), (451096, 451097), (552346, 552347), (754846, 754847), (148246, 148247), (350746, 350747), (451996, 451997), (553246, 553247), (755746, 755747), (145550, 145551), (348050, 348051), (449300, 449301), (550550, 550551), (753050, 753051), (146450, 146451), (348950, 348951), (450200, 450201), (551450, 551451), (753950, 753951), (146900, 146901), (349400, 349401), (450650, 450651), (551900, 551901), (754400, 754401), (147350, 147351), (349850, 349851), (451100, 451101), (552350, 552351), (754850, 754851), (148250, 148251), (350750, 350751), (452000, 452001), (553250, 553251), (755750, 755751), (145552, 145553), (348052, 348053), (449302, 449303), (550552, 550553), (753052, 753053), (146452, ",
        "alg": 24,
        "opt": 17
    },
    "execution_time_mean": 0.0036622718907892704,
    "execution_time_std": 0.0,
    "num_valid_runs": 1,
    "num_invalid_runs": 0,
    "all_validation_errors": []
}