{
    "combined_score": 0,
    "public": {
        "competitive_ratio": 1.2666666666666666,
        "num_intervals": 4548,
        "intervals": "[(25515232, 25626208), (65716288, 69489472), (111040736, 111151712), (151241792, 155014976), (21780440, 21780536), (66345152, 67917312), (107305944, 107306040), (151870656, 153442816), (22999776, 23110752), (65087424, 66659584), (108525280, 108636256), (150612928, 152185088), (24295896, 24295992), (67602880, 68860608), (109821400, 109821496), (153128384, 154386112), (25533728, 25579968), (64144128, 65401856), (111059232, 111105472), (149669632, 150927360), (21817392, 21820656), (67020256, 67131232), (107342896, 107346160), (152545760, 152656736), (23018272, 23064512), (65800920, 65801016), (108543776, 108590016), (151326424, 151326520), (24332848, 24336112), (64504800, 64615776), (109858352, 109861616), (150030304, 150141280), (25496736, 25542976), (68316376, 68316472), (111022240, 111068480), (153841880, 153841976), (21706456, 21706552), (67038752, 67084992), (107231960, 107232056), (152564256, 152610496), (22981280, 23027520), (65837872, 65841136), (108506784, 108553024), (151363376,",
        "alg": 19,
        "opt": 15
    },
    "execution_time_mean": 0.0050053768791258335,
    "execution_time_std": 0.0,
    "num_valid_runs": 1,
    "num_invalid_runs": 0,
    "all_validation_errors": []
}