{
    "combined_score": 0.7000000000000001,
    "public": {
        "competitive_ratio": 1.4,
        "num_intervals": 174,
        "intervals": "[(34.5, 35.5), (36.5, 37.5), (38.5, 39.5), (40.5, 41.5), (42.5, 43.5), (44.5, 45.5), (46.5, 47.5), (48.5, 49.5), (33.5, 37.5), (44.5, 48.5), (36.5, 41.5), (40.5, 45.5), (33.0, 34.5), (46.5, 47.5), (67.5, 68.5), (69.5, 70.5), (71.5, 72.5), (73.5, 74.5), (75.5, 76.5), (77.5, 78.5), (79.5, 80.5), (81.5, 82.5), (66.5, 70.5), (77.5, 81.5), (69.5, 74.5), (73.5, 78.5), (66.0, 67.5), (79.5, 80.5), (100.5, 101.5), (102.5, 103.5), (104.5, 105.5), (106.5, 107.5), (108.5, 109.5), (110.5, 111.5), (112.5, 113.5), (114.5, 115.5), (99.5, 103.5), (110.5, 114.5), (102.5, 107.5), (106.5, 111.5), (99.0, 100.5), (112.5, 113.5), (133.5, 134.5), (135.5, 136.5), (137.5, 138.5), (139.5, 140.5), (141.5, 142.5), (143.5, 144.5), (145.5, 146.5), (147.5, 148.5), (132.5, 136.5), (143.5, 147.5), (135.5, 140.5), (139.5, 144.5), (132.0, 133.5), (145.5, 146.5), (166.5, 167.5), (168.5, 169.5), (170.5, 171.5), (172.5, 173.5), (174.5, 175.5), (176.5, 177.5), (178.5, 179.5), (180.5, 181.5), (165.5, 169.5), (176.5, 180.5), (",
        "alg": 7,
        "opt": 5
    },
    "execution_time_mean": 0.00015726173296570778,
    "execution_time_std": 0.0,
    "num_valid_runs": 1,
    "num_invalid_runs": 0,
    "all_validation_errors": []
}