{
    "combined_score": 1.9000000000000001,
    "public": {
        "competitive_ratio": 2.111111111111111,
        "num_intervals": 2847,
        "intervals": "[(134146, 134147), (394246, 394247), (654346, 654347), (914446, 914447), (135166, 135167), (395266, 395267), (655366, 655367), (915466, 915467), (136186, 136187), (396286, 396287), (656386, 656387), (916486, 916487), (137206, 137207), (397306, 397307), (657406, 657407), (917506, 917507), (134150, 134151), (394250, 394251), (654350, 654351), (914450, 914451), (135170, 135171), (395270, 395271), (655370, 655371), (915470, 915471), (136190, 136191), (396290, 396291), (656390, 656391), (916490, 916491), (137210, 137211), (397310, 397311), (657410, 657411), (917510, 917511), (134154, 134155), (394254, 394255), (654354, 654355), (914454, 914455), (135174, 135175), (395274, 395275), (655374, 655375), (915474, 915475), (136194, 136195), (396294, 396295), (656394, 656395), (916494, 916495), (137214, 137215), (397314, 397315), (657414, 657415), (917514, 917515), (134158, 134159), (394258, 394259), (654358, 654359), (914458, 914459), (135178, 135179), (395278, 395279), (655378, 655379), (915478, ",
        "alg": 19,
        "opt": 9
    },
    "execution_time_mean": 0.0025228201411664486,
    "execution_time_std": 0.0,
    "num_valid_runs": 1,
    "num_invalid_runs": 0,
    "all_validation_errors": []
}