{
    "combined_score": 0,
    "public": {
        "competitive_ratio": 1.4666666666666666,
        "num_intervals": 3756,
        "intervals": "[(965760, 966960), (1171200, 1190400), (1426560, 1427760), (1632000, 1651200), (927922, 927927), (1163520, 1175040), (1388722, 1388727), (1624320, 1635840), (935040, 936240), (1186560, 1201920), (1395840, 1397040), (1647360, 1662720), (950962, 950967), (1152000, 1159680), (1411762, 1411767), (1612800, 1620480), (964800, 966000), (1178880, 1198080), (1425600, 1426800), (1639680, 1658880), (928905, 928980), (1163520, 1182720), (1389705, 1389780), (1624320, 1643520), (934080, 935280), (1194240, 1209600), (1394880, 1396080), (1655040, 1670400), (951945, 952020), (1152000, 1167360), (1412745, 1412820), (1612800, 1628160), (966720, 967680), (1180800, 1182000), (1427520, 1428480), (1641600, 1642800), (926002, 926007), (1166002, 1166007), (1386802, 1386807), (1626802, 1626807), (936000, 936960), (1157760, 1158960), (1396800, 1397760), (1618560, 1619760), (949042, 949047), (1196722, 1196727), (1409842, 1409847), (1657522, 1657527), (964080, 965040), (1179840, 1181040), (1424880, 1425840), (1640",
        "alg": 22,
        "opt": 15
    },
    "execution_time_mean": 0.004444839898496866,
    "execution_time_std": 0.0,
    "num_valid_runs": 1,
    "num_invalid_runs": 0,
    "all_validation_errors": []
}