{
    "combined_score": 0,
    "public": {
        "competitive_ratio": 1.1578947368421053,
        "num_intervals": 2365,
        "intervals": "[(3629.5, 3630.5), (3631.5, 3632.5), (3633.5, 3634.5), (3635.5, 3636.5), (3633.0, 3661.0), (3634.75, 3687.25), (3663.5, 3664.5), (3661.5, 3662.5), (3659.5, 3660.5), (3657.5, 3658.5), (3661.0, 3689.0), (3685.5, 3686.5), (3687.5, 3688.5), (3689.5, 3690.5), (3691.5, 3692.5), (3689.0, 3717.0), (3719.5, 3720.5), (3717.5, 3718.5), (3715.5, 3716.5), (3713.5, 3714.5), (3622.5, 3650.5), (3699.5, 3727.5), (3643.5, 3678.5), (3671.5, 3706.5), (3629.29, 3630.34), (3629.395, 3630.172), (3657.29, 3658.34), (3657.395, 3658.172), (3685.29, 3686.34), (3685.395, 3686.172), (3713.29, 3714.34), (3713.395, 3714.172), (3622.5, 3643.5), (3643.5, 3664.5), (3664.5, 3685.5), (3685.5, 3706.5), (3627.75, 3687.25), (3675.0, 3885.0), (3701.25, 4068.75), (3837.75, 3897.25), (3895.5, 3916.5), (3874.5, 3895.5), (3853.5, 3874.5), (3832.5, 3853.5), (3923.395, 3924.172), (3923.29, 3924.34), (3895.395, 3896.172), (3895.29, 3896.34), (3867.395, 3868.172), (3867.29, 3868.34), (3839.395, 3840.172), (3839.29, 3840.34), (3881.5",
        "alg": 22,
        "opt": 19
    },
    "execution_time_mean": 0.0011869962327182293,
    "execution_time_std": 0.0,
    "num_valid_runs": 1,
    "num_invalid_runs": 0,
    "all_validation_errors": []
}