{
    "combined_score": 1.6,
    "public": {
        "competitive_ratio": 1.7777777777777777,
        "num_intervals": 9563,
        "intervals": "[(15844405, 15844406), (13469619, 13688994), (10579405, 10579406), (18734619, 18953994), (16031244, 16048119), (13294119, 13513494), (10766244, 10783119), (18559119, 18778494), (16195405, 16195406), (13645119, 13820619), (10930405, 10930406), (18910119, 19085619), (16382244, 16399119), (13162494, 13337994), (11117244, 11134119), (18427494, 18602994), (15877569, 15878694), (13738405, 13738406), (10612569, 10613694), (19003405, 19003406), (16024494, 16034619), (13574244, 13591119), (10759494, 10769619), (18839244, 18856119), (16228569, 16229694), (13387405, 13387406), (10963569, 10964694), (18652405, 18652406), (16375494, 16385619), (13223244, 13240119), (11110494, 11120619), (18488244, 18505119), (15864655, 15864656), (13771569, 13772694), (10599655, 10599656), (19036569, 19037694), (16044744, 16058244), (13567494, 13577619), (10779744, 10793244), (18832494, 18842619), (16215655, 16215656), (13420569, 13421694), (10950655, 10950656), (18685569, 18686694), (16395744, 16409244), (13216494",
        "alg": 16,
        "opt": 9
    },
    "execution_time_mean": 0.010965183842927217,
    "execution_time_std": 0.0,
    "num_valid_runs": 1,
    "num_invalid_runs": 0,
    "all_validation_errors": []
}