{
    "combined_score": 0,
    "public": {
        "competitive_ratio": 1.1818181818181819,
        "num_intervals": 2141,
        "intervals": "[(1283.9166666666665, 1288.9916666666668), (1165.5, 1170.575), (2146.6666666666665, 2992.5), (1554.5833333333333, 2400.4166666666665), (2823.333333333333, 3500.0), (1047.0833333333333, 1723.75), (2287.911111111111, 2287.9733333333334), (2285.5777777777776, 2285.64), (2282.4666666666667, 2282.528888888889), (2288.58, 2289.0466666666666), (2288.2066666666665, 2288.673333333333), (2288.9533333333334, 2289.326666666667), (2287.9266666666663, 2288.3), (2286.277777777778, 2290.1666666666665), (2283.1666666666665, 2287.0555555555557), (2289.3888888888887, 2292.5), (2280.833333333333, 2283.9444444444443), (2290.9444444444443, 2291.0555555555557), (2291.1666666666665, 2291.277777777778), (2291.3888888888887, 2291.5), (2291.6111111111113, 2291.722222222222), (2287.9305555555557, 2288.0861111111108), (2288.5, 2288.6111111111113), (2288.277777777778, 2288.3888888888887), (2288.0555555555557, 2288.1666666666665), (2287.833333333333, 2287.9444444444443), (2284.8194444444443, 2284.975), (2284.7222222",
        "alg": 13,
        "opt": 11
    },
    "execution_time_mean": 0.0015732049942016602,
    "execution_time_std": 0.0,
    "num_valid_runs": 1,
    "num_invalid_runs": 0,
    "all_validation_errors": []
}