{
    "combined_score": 0,
    "public": {
        "competitive_ratio": 1.2,
        "num_intervals": 643,
        "intervals": "[(4688.6, 4702.6), (4660.6, 4674.6), (4632.6, 4646.6), (4685.8, 4694.2), (4664.8, 4673.2), (4643.8, 4652.2), (4622.8, 4631.2), (4686.0625, 4688.25), (4684.53125, 4686.71875), (4687.8125, 4689.5625), (4683.21875, 4684.96875), (4669.0, 4704.0), (4641.0, 4676.0), (4697.0, 4725.0), (4620.0, 4648.0), (4711.0, 4712.0), (4713.0, 4714.0), (4715.0, 4716.0), (4717.0, 4718.0), (4686.15, 4714.85), (4689.0, 4690.0), (4687.0, 4688.0), (4685.0, 4686.0), (4683.0, 4684.0), (4658.15, 4686.85), (4655.0, 4656.0), (4657.0, 4658.0), (4659.0, 4660.0), (4661.0, 4662.0), (4630.15, 4658.85), (4633.0, 4634.0), (4631.0, 4632.0), (4629.0, 4630.0), (4627.0, 4628.0), (4667.25, 5097.75), (4641.0, 5544.0), (5047.0, 5048.0), (5049.0, 5050.0), (5051.0, 5052.0), (5053.0, 5054.0), (5050.15, 5078.85), (5081.0, 5082.0), (5079.0, 5080.0), (5077.0, 5078.0), (5075.0, 5076.0), (5078.15, 5106.85), (5103.0, 5104.0), (5105.0, 5106.0), (5107.0, 5108.0), (5109.0, 5110.0), (5106.15, 5134.85), (5137.0, 5138.0), (5135.0, 5136.0), (5133",
        "alg": 18,
        "opt": 15
    },
    "execution_time_mean": 0.00026353029534220695,
    "execution_time_std": 0.0,
    "num_valid_runs": 1,
    "num_invalid_runs": 0,
    "all_validation_errors": []
}