{
    "combined_score": 1.4000000000000001,
    "public": {
        "competitive_ratio": 1.75,
        "num_intervals": 2452,
        "intervals": "[(319033, 319034), (980961, 1031526), (1380898, 1380899), (2042826, 2093391), (439803, 440928), (940509, 991074), (1501668, 1502793), (2002374, 2052939), (399937, 399938), (1021413, 1061865), (1461802, 1461803), (2083278, 2123730), (358899, 360024), (910170, 950622), (1420764, 1421889), (1972035, 2012487), (319902, 319977), (966265, 966266), (1381767, 1381842), (2028130, 2028131), (439071, 442443), (1006131, 1007256), (1500936, 1504308), (2067996, 2069121), (400806, 400881), (1047169, 1047170), (1462671, 1462746), (2109034, 2109035), (358167, 361539), (925227, 926352), (1420032, 1423404), (1987092, 1988217), (317233, 317234), (967134, 967209), (1379098, 1379099), (2028999, 2029074), (438903, 440028), (1005399, 1008771), (1500768, 1501893), (2067264, 2070636), (398137, 398138), (1048038, 1048113), (1460002, 1460003), (2109903, 2109978), (357999, 359124), (924495, 927867), (1419864, 1420989), (1986360, 1989732), (318102, 318177), (964465, 964466), (1379967, 1380042), (2026330, 2026331), ",
        "alg": 14,
        "opt": 8
    },
    "execution_time_mean": 0.00274386303499341,
    "execution_time_std": 0.0,
    "num_valid_runs": 1,
    "num_invalid_runs": 0,
    "all_validation_errors": []
}