{
    "combined_score": 0,
    "public": {
        "competitive_ratio": 1.2307692307692308,
        "num_intervals": 9800,
        "intervals": "[(31113239, 31113240), (31113247, 31113248), (31113255, 31113256), (31113263, 31113264), (31113236, 31113240), (31113247, 31113251), (31113239, 31113244), (31113243, 31113248), (31113241, 31113253), (31113463, 31113464), (31113471, 31113472), (31113479, 31113480), (31113487, 31113488), (31113460, 31113464), (31113471, 31113475), (31113463, 31113468), (31113467, 31113472), (31113465, 31113477), (31113687, 31113688), (31113695, 31113696), (31113703, 31113704), (31113711, 31113712), (31113684, 31113688), (31113695, 31113699), (31113687, 31113692), (31113691, 31113696), (31113689, 31113701), (31113911, 31113912), (31113919, 31113920), (31113927, 31113928), (31113935, 31113936), (31113908, 31113912), (31113919, 31113923), (31113911, 31113916), (31113915, 31113920), (31113913, 31113925), (31113180, 31113292), (31113488, 31113600), (31113264, 31113404), (31113376, 31113516), (31113320, 31113656), (31119287, 31119288), (31119295, 31119296), (31119303, 31119304), (31119311, 31119312), (31119284",
        "alg": 16,
        "opt": 13
    },
    "execution_time_mean": 0.006408041343092918,
    "execution_time_std": 0.0,
    "num_valid_runs": 1,
    "num_invalid_runs": 0,
    "all_validation_errors": []
}