{
    "combined_score": 0,
    "public": {
        "competitive_ratio": 1.3571428571428572,
        "num_intervals": 9639,
        "intervals": "[(21789931, 21789932), (24597931, 24597932), (27405931, 27405932), (30213931, 30213932), (21793531, 21793532), (24601531, 24601532), (27409531, 27409532), (30217531, 30217532), (21797131, 21797132), (24605131, 24605132), (27413131, 27413132), (30221131, 30221132), (21800731, 21800732), (24608731, 24608732), (27416731, 27416732), (30224731, 30224732), (21789935, 21789936), (24597935, 24597936), (27405935, 27405936), (30213935, 30213936), (21793535, 21793536), (24601535, 24601536), (27409535, 27409536), (30217535, 30217536), (21797135, 21797136), (24605135, 24605136), (27413135, 27413136), (30221135, 30221136), (21800735, 21800736), (24608735, 24608736), (27416735, 27416736), (30224735, 30224736), (21789939, 21789940), (24597939, 24597940), (27405939, 27405940), (30213939, 30213940), (21793539, 21793540), (24601539, 24601540), (27409539, 27409540), (30217539, 30217540), (21797139, 21797140), (24605139, 24605140), (27413139, 27413140), (30221139, 30221140), (21800739, 21800740), (24608739",
        "alg": 19,
        "opt": 14
    },
    "execution_time_mean": 0.008383849170058966,
    "execution_time_std": 0.0,
    "num_valid_runs": 1,
    "num_invalid_runs": 0,
    "all_validation_errors": []
}