{
    "combined_score": 0,
    "public": {
        "competitive_ratio": 1.2142857142857142,
        "num_intervals": 1895,
        "intervals": "[(5159.0, 5173.0), (10027.5, 10237.5), (15554.0, 15568.0), (20422.5, 20632.5), (25949.0, 25963.0), (30817.5, 31027.5), (36344.0, 36358.0), (4889.5, 4890.5), (9607.5, 9817.5), (15284.5, 15285.5), (20002.5, 20212.5), (25679.5, 25680.5), (30397.5, 30607.5), (36074.5, 36075.5), (4739.0, 4753.0), (9187.5, 9397.5), (15134.0, 15148.0), (19582.5, 19792.5), (25529.0, 25543.0), (29977.5, 30187.5), (35924.0, 35938.0), (4469.5, 4470.5), (8767.5, 8977.5), (14864.5, 14865.5), (19162.5, 19372.5), (25259.5, 25260.5), (29557.5, 29767.5), (35654.5, 35655.5), (4319.0, 4333.0), (9345.0, 9870.0), (14714.0, 14728.0), (19740.0, 20265.0), (25109.0, 25123.0), (30135.0, 30660.0), (35504.0, 35518.0), (4049.5, 4050.5), (8977.5, 9502.5), (14444.5, 14445.5), (19372.5, 19897.5), (24839.5, 24840.5), (29767.5, 30292.5), (35234.5, 35235.5), (3899.0, 3913.0), (9765.0, 10185.0), (14294.0, 14308.0), (20160.0, 20580.0), (24689.0, 24703.0), (30555.0, 30975.0), (35084.0, 35098.0), (3629.5, 3630.5), (8662.5, 9082.5), (14024.5",
        "alg": 17,
        "opt": 14
    },
    "execution_time_mean": 0.0013205059804022312,
    "execution_time_std": 0.0,
    "num_valid_runs": 1,
    "num_invalid_runs": 0,
    "all_validation_errors": []
}