{
    "combined_score": 0,
    "public": {
        "competitive_ratio": 1.9230769230769231,
        "num_intervals": 2540,
        "intervals": "[(180226, 180227), (440326, 440327), (700426, 700427), (960526, 960527), (181246, 181247), (441346, 441347), (701446, 701447), (961546, 961547), (182266, 182267), (442366, 442367), (702466, 702467), (962566, 962567), (183286, 183287), (443386, 443387), (703486, 703487), (963586, 963587), (180230, 180231), (440330, 440331), (700430, 700431), (960530, 960531), (181250, 181251), (441350, 441351), (701450, 701451), (961550, 961551), (182270, 182271), (442370, 442371), (702470, 702471), (962570, 962571), (183290, 183291), (443390, 443391), (703490, 703491), (963590, 963591), (180234, 180235), (440334, 440335), (700434, 700435), (960534, 960535), (181254, 181255), (441354, 441355), (701454, 701455), (961554, 961555), (182274, 182275), (442374, 442375), (702474, 702475), (962574, 962575), (183294, 183295), (443394, 443395), (703494, 703495), (963594, 963595), (180238, 180239), (440338, 440339), (700438, 700439), (960538, 960539), (181258, 181259), (441358, 441359), (701458, 701459), (961558, ",
        "alg": 25,
        "opt": 13
    },
    "execution_time_mean": 0.003759447019547224,
    "execution_time_std": 0.0,
    "num_valid_runs": 1,
    "num_invalid_runs": 0,
    "all_validation_errors": []
}