{
    "combined_score": 0,
    "public": {
        "competitive_ratio": 1.9230769230769231,
        "num_intervals": 11740,
        "intervals": "[(1175058, 1175059), (1435158, 1435159), (1695258, 1695259), (1955358, 1955359), (1176078, 1176079), (1436178, 1436179), (1696278, 1696279), (1956378, 1956379), (1177098, 1177099), (1437198, 1437199), (1697298, 1697299), (1957398, 1957399), (1178118, 1178119), (1438218, 1438219), (1698318, 1698319), (1958418, 1958419), (1175062, 1175063), (1435162, 1435163), (1695262, 1695263), (1955362, 1955363), (1176082, 1176083), (1436182, 1436183), (1696282, 1696283), (1956382, 1956383), (1177102, 1177103), (1437202, 1437203), (1697302, 1697303), (1957402, 1957403), (1178122, 1178123), (1438222, 1438223), (1698322, 1698323), (1958422, 1958423), (1175066, 1175067), (1435166, 1435167), (1695266, 1695267), (1955366, 1955367), (1176086, 1176087), (1436186, 1436187), (1696286, 1696287), (1956386, 1956387), (1177106, 1177107), (1437206, 1437207), (1697306, 1697307), (1957406, 1957407), (1178126, 1178127), (1438226, 1438227), (1698326, 1698327), (1958426, 1958427), (1175070, 1175071), (1435170, 1435171),",
        "alg": 25,
        "opt": 13
    },
    "execution_time_mean": 0.0049002161249518394,
    "execution_time_std": 0.0,
    "num_valid_runs": 0,
    "num_invalid_runs": 1,
    "all_validation_errors": [
        "Length 11740 exceeds the max limit of 10000 intervals"
    ]
}