{
    "combined_score": 1.2000000000000002,
    "public": {
        "competitive_ratio": 1.7142857142857142,
        "num_intervals": 4005,
        "intervals": "[(619892, 623272), (551493, 551498), (479284, 482664), (446037, 446042), (832709, 832714), (760500, 763880), (692101, 692106), (617188, 620568), (553826, 553956), (476580, 479960), (448370, 448500), (835042, 835172), (757796, 761176), (694434, 694564), (622596, 625300), (556901, 556906), (481988, 484692), (451445, 451450), (838117, 838122), (763204, 765908), (697509, 697514), (615160, 617864), (559234, 559364), (474552, 477256), (453778, 453908), (840450, 840580), (755768, 758472), (699842, 699972), (619093, 619098), (562309, 562314), (478485, 478490), (456853, 456858), (843525, 843530), (759701, 759706), (702917, 702922), (616018, 616148), (546085, 546090), (475410, 475540), (440629, 440634), (827301, 827306), (756626, 756756), (686693, 686698), (632242, 632372), (548418, 548548), (491634, 491764), (442962, 443092), (829634, 829764), (772850, 772980), (689026, 689156), (629909, 629914), (551383, 551384), (489301, 489306), (445927, 445928), (832599, 832600), (770517, 770522), (691991, ",
        "alg": 12,
        "opt": 7
    },
    "execution_time_mean": 0.004131203982979059,
    "execution_time_std": 0.0,
    "num_valid_runs": 1,
    "num_invalid_runs": 0,
    "all_validation_errors": []
}