{
    "combined_score": 0,
    "public": {
        "competitive_ratio": 1.7857142857142858,
        "num_intervals": 9800,
        "intervals": "[(4652851, 4652852), (4612351, 4612352), (4804726, 4804727), (7690351, 7690352), (7649851, 7649852), (7842226, 7842227), (9968476, 9968477), (9927976, 9927977), (10120351, 10120352), (2374726, 2374727), (2334226, 2334227), (2526601, 2526602), (4764226, 4764227), (5007226, 5007227), (4966726, 4966727), (7801726, 7801727), (8044726, 8044727), (8004226, 8004227), (10079851, 10079852), (10322851, 10322852), (10282351, 10282352), (2486101, 2486102), (2729101, 2729102), (2688601, 2688602), (5260351, 5260352), (5219851, 5219852), (4625851, 4625852), (8297851, 8297852), (8257351, 8257352), (7663351, 7663352), (10575976, 10575977), (10535476, 10535477), (9941476, 9941477), (2982226, 2982227), (2941726, 2941727), (2347726, 2347727), (4639351, 4639352), (4777726, 4777727), (4791226, 4791227), (7676851, 7676852), (7815226, 7815227), (7828726, 7828727), (9954976, 9954977), (10093351, 10093352), (10106851, 10106852), (2361226, 2361227), (2499601, 2499602), (2513101, 2513102), (4980226, 4980227), (49",
        "alg": 25,
        "opt": 14
    },
    "execution_time_mean": 0.007337905932217836,
    "execution_time_std": 0.0,
    "num_valid_runs": 1,
    "num_invalid_runs": 0,
    "all_validation_errors": []
}