{
    "combined_score": 2.3000000000000003,
    "public": {
        "competitive_ratio": 2.3,
        "num_intervals": 9800,
        "intervals": "[(9955767, 9955768), (10158267, 10158268), (10360767, 10360768), (10563267, 10563268), (9956667, 9956668), (10159167, 10159168), (10361667, 10361668), (10564167, 10564168), (9957567, 9957568), (10160067, 10160068), (10362567, 10362568), (10565067, 10565068), (9958467, 9958468), (10160967, 10160968), (10363467, 10363468), (10565967, 10565968), (9955771, 9955772), (10158271, 10158272), (10360771, 10360772), (10563271, 10563272), (9956671, 9956672), (10159171, 10159172), (10361671, 10361672), (10564171, 10564172), (9957571, 9957572), (10160071, 10160072), (10362571, 10362572), (10565071, 10565072), (9958471, 9958472), (10160971, 10160972), (10363471, 10363472), (10565971, 10565972), (9955775, 9955776), (10158275, 10158276), (10360775, 10360776), (10563275, 10563276), (9956675, 9956676), (10159175, 10159176), (10361675, 10361676), (10564175, 10564176), (9957575, 9957576), (10160075, 10160076), (10362575, 10362576), (10565075, 10565076), (9958475, 9958476), (10160975, 10160976), (10363475, ",
        "alg": 23,
        "opt": 10
    },
    "execution_time_mean": 0.005433843936771154,
    "execution_time_std": 0.0,
    "num_valid_runs": 1,
    "num_invalid_runs": 0,
    "all_validation_errors": []
}