{
    "combined_score": 0,
    "public": {
        "competitive_ratio": 1.9166666666666667,
        "num_intervals": 9800,
        "intervals": "[(9966796, 9966797), (10169296, 10169297), (10371796, 10371797), (10574296, 10574297), (9967696, 9967697), (10170196, 10170197), (10372696, 10372697), (10575196, 10575197), (9968596, 9968597), (10171096, 10171097), (10373596, 10373597), (10576096, 10576097), (9969496, 9969497), (10171996, 10171997), (10374496, 10374497), (10576996, 10576997), (9966800, 9966801), (10169300, 10169301), (10371800, 10371801), (10574300, 10574301), (9967700, 9967701), (10170200, 10170201), (10372700, 10372701), (10575200, 10575201), (9968600, 9968601), (10171100, 10171101), (10373600, 10373601), (10576100, 10576101), (9969500, 9969501), (10172000, 10172001), (10374500, 10374501), (10577000, 10577001), (9966804, 9966805), (10169304, 10169305), (10371804, 10371805), (10574304, 10574305), (9967704, 9967705), (10170204, 10170205), (10372704, 10372705), (10575204, 10575205), (9968604, 9968605), (10171104, 10171105), (10373604, 10373605), (10576104, 10576105), (9969504, 9969505), (10172004, 10172005), (10374504, ",
        "alg": 23,
        "opt": 12
    },
    "execution_time_mean": 0.005804407875984907,
    "execution_time_std": 0.0,
    "num_valid_runs": 1,
    "num_invalid_runs": 0,
    "all_validation_errors": []
}