{
    "combined_score": 1.7000000000000002,
    "public": {
        "competitive_ratio": 2.125,
        "num_intervals": 9800,
        "intervals": "[(7485496, 7485497), (7637596, 7637597), (7789696, 7789697), (7941796, 7941797), (7485946, 7485947), (7638046, 7638047), (7790146, 7790147), (7942246, 7942247), (7486846, 7486847), (7638946, 7638947), (7791046, 7791047), (7943146, 7943147), (7487746, 7487747), (7639846, 7639847), (7791946, 7791947), (7944046, 7944047), (7485500, 7485501), (7637600, 7637601), (7789700, 7789701), (7941800, 7941801), (7485950, 7485951), (7638050, 7638051), (7790150, 7790151), (7942250, 7942251), (7486850, 7486851), (7638950, 7638951), (7791050, 7791051), (7943150, 7943151), (7487750, 7487751), (7639850, 7639851), (7791950, 7791951), (7944050, 7944051), (7485504, 7485505), (7637604, 7637605), (7789704, 7789705), (7941804, 7941805), (7485954, 7485955), (7638054, 7638055), (7790154, 7790155), (7942254, 7942255), (7486854, 7486855), (7638954, 7638955), (7791054, 7791055), (7943154, 7943155), (7487754, 7487755), (7639854, 7639855), (7791954, 7791955), (7944054, 7944055), (7485508, 7485509), (7637608, 7637609),",
        "alg": 17,
        "opt": 8
    },
    "execution_time_mean": 0.009133361279964447,
    "execution_time_std": 0.0,
    "num_valid_runs": 1,
    "num_invalid_runs": 0,
    "all_validation_errors": []
}