{
    "combined_score": 1.1666666666666667,
    "public": {
        "num_intervals": 13,
        "intervals": "[(17, 18), (15, 19), (12, 14), (13, 16), (11, 20), (8, 10), (9, 12), (6, 20), (3, 5), (4, 7), (3, 21), (0, 2), (1, 20)]",
        "alg": 7,
        "opt": 6
    },
    "execution_time_mean": 0.0036712540313601494,
    "execution_time_std": 0.0,
    "num_valid_runs": 1,
    "num_invalid_runs": 0,
    "all_validation_errors": []
}