{
    "combined_score": 1.4000000000000001,
    "public": {
        "competitive_ratio": 1.5555555555555556,
        "num_intervals": 9800,
        "intervals": "[(12244921000, 12244922000), (12396796000, 12396797000), (12700546000, 12700547000), (12852421000, 12852422000), (12245821000, 12245822000), (12397696000, 12397697000), (12701446000, 12701447000), (12853321000, 12853322000), (12246721000, 12246722000), (12398596000, 12398597000), (12702346000, 12702347000), (12854221000, 12854222000), (12247621000, 12247622000), (12399496000, 12399497000), (12703246000, 12703247000), (12855121000, 12855122000), (12244925000, 12244926000), (12396800000, 12396801000), (12700550000, 12700551000), (12852425000, 12852426000), (12245825000, 12245826000), (12397700000, 12397701000), (12701450000, 12701451000), (12853325000, 12853326000), (12246725000, 12246726000), (12398600000, 12398601000), (12702350000, 12702351000), (12854225000, 12854226000), (12247625000, 12247626000), (12399500000, 12399501000), (12703250000, 12703251000), (12855125000, 12855126000), (12244929000, 12244930000), (12396804000, 12396805000), (12700554000, 12700555000), (12852429000, 12852",
        "alg": 14,
        "opt": 9
    },
    "execution_time_mean": 0.008701859042048454,
    "execution_time_std": 0.0,
    "num_valid_runs": 1,
    "num_invalid_runs": 0,
    "all_validation_errors": []
}