{
    "combined_score": 0,
    "public": {
        "competitive_ratio": 1.6923076923076923,
        "num_intervals": 9800,
        "intervals": "[(8650546, 8650547), (8751796, 8751797), (8954296, 8954297), (9156796, 9156797), (8651446, 8651447), (8752696, 8752697), (8955196, 8955197), (9157696, 9157697), (8652346, 8652347), (8753596, 8753597), (8956096, 8956097), (9158596, 9158597), (8653246, 8653247), (8754496, 8754497), (8956996, 8956997), (9159496, 9159497), (8650550, 8650551), (8751800, 8751801), (8954300, 8954301), (9156800, 9156801), (8651450, 8651451), (8752700, 8752701), (8955200, 8955201), (9157700, 9157701), (8652350, 8652351), (8753600, 8753601), (8956100, 8956101), (9158600, 9158601), (8653250, 8653251), (8754500, 8754501), (8957000, 8957001), (9159500, 9159501), (8650554, 8650555), (8751804, 8751805), (8954304, 8954305), (9156804, 9156805), (8651454, 8651455), (8752704, 8752705), (8955204, 8955205), (9157704, 9157705), (8652354, 8652355), (8753604, 8753605), (8956104, 8956105), (9158604, 9158605), (8653254, 8653255), (8754504, 8754505), (8957004, 8957005), (9159504, 9159505), (8650558, 8650559), (8751808, 8751809),",
        "alg": 22,
        "opt": 13
    },
    "execution_time_mean": 0.006456209812313318,
    "execution_time_std": 0.0,
    "num_valid_runs": 1,
    "num_invalid_runs": 0,
    "all_validation_errors": []
}