{
    "combined_score": 0,
    "public": {
        "competitive_ratio": 1.2916666666666667,
        "num_intervals": 3228,
        "intervals": "[(184785, 184786), (315857, 315858), (578001, 578002), (840145, 840146), (168401, 168402), (299473, 299474), (561617, 561618), (823761, 823762), (152017, 152018), (283089, 283090), (545233, 545234), (807377, 807378), (135633, 135634), (266705, 266706), (528849, 528850), (790993, 790994), (185809, 185810), (316881, 316882), (579025, 579026), (841169, 841170), (169425, 169426), (300497, 300498), (562641, 562642), (824785, 824786), (153041, 153042), (284113, 284114), (546257, 546258), (808401, 808402), (136657, 136658), (267729, 267730), (529873, 529874), (792017, 792018), (186833, 186834), (317905, 317906), (580049, 580050), (842193, 842194), (170449, 170450), (301521, 301522), (563665, 563666), (825809, 825810), (154065, 154066), (285137, 285138), (547281, 547282), (809425, 809426), (137681, 137682), (268753, 268754), (530897, 530898), (793041, 793042), (187857, 187858), (318929, 318930), (581073, 581074), (843217, 843218), (171473, 171474), (302545, 302546), (564689, 564690), (826833, ",
        "alg": 31,
        "opt": 24
    },
    "execution_time_mean": 0.0034674941562116146,
    "execution_time_std": 0.0,
    "num_valid_runs": 1,
    "num_invalid_runs": 0,
    "all_validation_errors": []
}