{
    "combined_score": 0,
    "public": {
        "competitive_ratio": 1.7333333333333334,
        "num_intervals": 10924,
        "intervals": "[(1508598, 1508599), (1842682, 1842683), (2176766, 2176767), (2510850, 2510851), (1509754, 1509755), (1843838, 1843839), (2177922, 2177923), (2512006, 2512007), (1510910, 1510911), (1844994, 1844995), (2179078, 2179079), (2513162, 2513163), (1512066, 1512067), (1846150, 1846151), (2180234, 2180235), (2514318, 2514319), (1508602, 1508603), (1842686, 1842687), (2176770, 2176771), (2510854, 2510855), (1509758, 1509759), (1843842, 1843843), (2177926, 2177927), (2512010, 2512011), (1510914, 1510915), (1844998, 1844999), (2179082, 2179083), (2513166, 2513167), (1512070, 1512071), (1846154, 1846155), (2180238, 2180239), (2514322, 2514323), (1508606, 1508607), (1842690, 1842691), (2176774, 2176775), (2510858, 2510859), (1509762, 1509763), (1843846, 1843847), (2177930, 2177931), (2512014, 2512015), (1510918, 1510919), (1845002, 1845003), (2179086, 2179087), (2513170, 2513171), (1512074, 1512075), (1846158, 1846159), (2180242, 2180243), (2514326, 2514327), (1508610, 1508611), (1842694, 1842695),",
        "alg": 26,
        "opt": 15
    },
    "execution_time_mean": 0.005213665310293436,
    "execution_time_std": 0.0,
    "num_valid_runs": 0,
    "num_invalid_runs": 1,
    "all_validation_errors": [
        "Length 10924 exceeds the max limit of 10000 intervals"
    ]
}