{
    "combined_score": 2.1,
    "public": {
        "competitive_ratio": 2.3333333333333335,
        "num_intervals": 9800,
        "intervals": "[(84689508, 84689509), (86410248, 86410249), (88130988, 88130989), (89851728, 89851729), (84690408, 84690409), (86411148, 86411149), (88131888, 88131889), (89852628, 89852629), (84691308, 84691309), (86412048, 86412049), (88132788, 88132789), (89853528, 89853529), (84692208, 84692209), (86412948, 86412949), (88133688, 88133689), (89854428, 89854429), (84689512, 84689513), (86410252, 86410253), (88130992, 88130993), (89851732, 89851733), (84690412, 84690413), (86411152, 86411153), (88131892, 88131893), (89852632, 89852633), (84691312, 84691313), (86412052, 86412053), (88132792, 88132793), (89853532, 89853533), (84692212, 84692213), (86412952, 86412953), (88133692, 88133693), (89854432, 89854433), (84689516, 84689517), (86410256, 86410257), (88130996, 88130997), (89851736, 89851737), (84690416, 84690417), (86411156, 86411157), (88131896, 88131897), (89852636, 89852637), (84691316, 84691317), (86412056, 86412057), (88132796, 88132797), (89853536, 89853537), (84692216, 84692217), (86412956",
        "alg": 21,
        "opt": 9
    },
    "execution_time_mean": 0.006733939051628113,
    "execution_time_std": 0.0,
    "num_valid_runs": 1,
    "num_invalid_runs": 0,
    "all_validation_errors": []
}