{
    "combined_score": 1.4000000000000001,
    "public": {
        "competitive_ratio": 1.4,
        "num_intervals": 9687,
        "intervals": "[(6915736, 6915737), (6915735, 6915739), (6915740, 6915741), (6915738, 6915743), (6915744, 6915745), (6915742, 6915747), (6915748, 6915749), (6915746, 6915750), (6915705, 6915780), (6915806, 6915810), (6915808, 6915809), (6915802, 6915807), (6915804, 6915805), (6915798, 6915803), (6915800, 6915801), (6915795, 6915799), (6915796, 6915797), (6915765, 6915825), (6915616, 6915617), (6915615, 6915619), (6915620, 6915621), (6915618, 6915623), (6915624, 6915625), (6915622, 6915627), (6915628, 6915629), (6915626, 6915630), (6915600, 6915660), (6915686, 6915690), (6915688, 6915689), (6915682, 6915687), (6915684, 6915685), (6915678, 6915683), (6915680, 6915681), (6915675, 6915679), (6915676, 6915677), (6915645, 6915720), (6915375, 6916275), (6916636, 6916637), (6916635, 6916639), (6916640, 6916641), (6916638, 6916643), (6916644, 6916645), (6916642, 6916647), (6916648, 6916649), (6916646, 6916650), (6916605, 6916680), (6916706, 6916710), (6916708, 6916709), (6916702, 6916707), (6916704, 6916705),",
        "alg": 14,
        "opt": 10
    },
    "execution_time_mean": 0.004295545630156994,
    "execution_time_std": 0.0,
    "num_valid_runs": 1,
    "num_invalid_runs": 0,
    "all_validation_errors": []
}