{
    "combined_score": 0,
    "public": {
        "competitive_ratio": 1.4166666666666667,
        "num_intervals": 9800,
        "intervals": "[(852696000, 855504000), (851292000, 854100000), (854802000, 863226000), (856206000, 859716000), (853398000, 856908000), (859014000, 861822000), (851292000, 854100000), (854937000, 855072000), (852129000, 852264000), (860553000, 860688000), (857745000, 857880000), (854883000, 854964000), (852075000, 852156000), (860499000, 860580000), (857691000, 857772000), (855045000, 855153000), (852237000, 852345000), (860661000, 860769000), (857853000, 857961000), (854802000, 854856000), (851994000, 852048000), (860418000, 860472000), (857610000, 857664000), (854835300, 854839800), (852027300, 852031800), (860451300, 860455800), (857643300, 857647800), (854831700, 854836200), (852023700, 852028200), (860447700, 860452200), (857639700, 857644200), (854838900, 854842500), (852030900, 852034500), (860454900, 860458500), (857646900, 857650500), (854829000, 854832600), (852021000, 852024600), (860445000, 860448600), (857637000, 857640600), (854830110, 854830260), (852022110, 852022260), (860446110, 860",
        "alg": 17,
        "opt": 12
    },
    "execution_time_mean": 0.0203143497928977,
    "execution_time_std": 0.0,
    "num_valid_runs": 1,
    "num_invalid_runs": 0,
    "all_validation_errors": []
}