{
    "combined_score": 0,
    "public": {
        "competitive_ratio": 1.8461538461538463,
        "num_intervals": 9800,
        "intervals": "[(11283046, 11283047), (11485546, 11485547), (11688046, 11688047), (11890546, 11890547), (11283946, 11283947), (11486446, 11486447), (11688946, 11688947), (11891446, 11891447), (11284846, 11284847), (11487346, 11487347), (11689846, 11689847), (11892346, 11892347), (11285746, 11285747), (11488246, 11488247), (11690746, 11690747), (11893246, 11893247), (11283050, 11283051), (11485550, 11485551), (11688050, 11688051), (11890550, 11890551), (11283950, 11283951), (11486450, 11486451), (11688950, 11688951), (11891450, 11891451), (11284850, 11284851), (11487350, 11487351), (11689850, 11689851), (11892350, 11892351), (11285750, 11285751), (11488250, 11488251), (11690750, 11690751), (11893250, 11893251), (11283054, 11283055), (11485554, 11485555), (11688054, 11688055), (11890554, 11890555), (11283954, 11283955), (11486454, 11486455), (11688954, 11688955), (11891454, 11891455), (11284854, 11284855), (11487354, 11487355), (11689854, 11689855), (11892354, 11892355), (11285754, 11285755), (11488254",
        "alg": 24,
        "opt": 13
    },
    "execution_time_mean": 0.0052001141011714935,
    "execution_time_std": 0.0,
    "num_valid_runs": 1,
    "num_invalid_runs": 0,
    "all_validation_errors": []
}