{
    "combined_score": 0,
    "public": {
        "competitive_ratio": 1.0588235294117647,
        "num_intervals": 3165,
        "intervals": "[(12551.756000000001, 12551.952000000001), (12537.756000000001, 12537.952000000001), (12555.844000000001, 12560.604), (12555.34, 12560.1), (12554.836, 12559.596000000001), (12544.644, 12549.403999999999), (12544.14, 12548.900000000001), (12543.636, 12548.396), (12533.444, 12538.204), (12532.939999999999, 12537.7), (12532.436000000002, 12537.196), (12555.445, 12556.32), (12554.8325, 12555.7075), (12556.145, 12556.845000000001), (12554.307499999999, 12555.0075), (12548.619999999999, 12562.619999999999), (12537.42, 12551.42), (12559.82, 12571.02), (12529.02, 12540.220000000001), (12565.42, 12565.82), (12566.220000000001, 12566.619999999999), (12567.02, 12567.42), (12567.82, 12568.220000000001), (12555.2, 12555.704), (12556.619999999999, 12557.02), (12555.82, 12556.220000000001), (12555.02, 12555.42), (12554.220000000001, 12554.619999999999), (12544.0, 12544.504), (12543.02, 12543.42), (12543.82, 12544.220000000001), (12544.619999999999, 12545.02), (12545.42, 12545.82), (12532.8, 12533.304",
        "alg": 18,
        "opt": 17
    },
    "execution_time_mean": 0.0017917579971253872,
    "execution_time_std": 0.0,
    "num_valid_runs": 1,
    "num_invalid_runs": 0,
    "all_validation_errors": []
}