{
    "combined_score": 1.0,
    "public": {
        "competitive_ratio": 1.6666666666666667,
        "num_intervals": 9800,
        "intervals": "[(8177140, 8178265), (13788852, 14147004), (6616858, 6975010), (1023054, 1024179), (8150106, 8151231), (13609776, 13967928), (6437782, 6795934), (996020, 997145), (8163154, 8163155), (14147004, 14326080), (6975010, 7154086), (1009068, 1009069), (8136188, 8136189), (13430700, 13609776), (6258706, 6437782), (982102, 982103), (8176240, 8177365), (14260352, 14261477), (7088358, 7089483), (1022154, 1023279), (8149206, 8150331), (14233318, 14234443), (7061324, 7062449), (995120, 996245), (8164951, 8164952), (14246366, 14246367), (7074372, 7074373), (1010865, 1010866), (8137985, 8137986), (14219400, 14219401), (7047406, 7047407), (983899, 983900), (8178040, 8178940), (14259452, 14260577), (7087458, 7088583), (1023954, 1024854), (8151006, 8151906), (14232418, 14233543), (7060424, 7061549), (996920, 997820), (8162372, 8162373), (14248163, 14248164), (7076169, 7076170), (1008286, 1008287), (8135406, 8135407), (14221197, 14221198), (7049203, 7049204), (981320, 981321), (8175565, 8176465), (142612",
        "alg": 10,
        "opt": 6
    },
    "execution_time_mean": 0.007604466751217842,
    "execution_time_std": 0.0,
    "num_valid_runs": 1,
    "num_invalid_runs": 0,
    "all_validation_errors": []
}