{
    "combined_score": 0,
    "public": {
        "competitive_ratio": 1.9090909090909092,
        "num_intervals": 9800,
        "intervals": "[(11893739, 11893740), (11893743, 11893744), (11893747, 11893748), (11893751, 11893752), (11893738, 11893742), (11893749, 11893753), (11893741, 11893746), (11893745, 11893750), (11893799, 11893800), (11893803, 11893804), (11893807, 11893808), (11893811, 11893812), (11893798, 11893802), (11893809, 11893813), (11893801, 11893806), (11893805, 11893810), (11893859, 11893860), (11893863, 11893864), (11893867, 11893868), (11893871, 11893872), (11893858, 11893862), (11893869, 11893873), (11893861, 11893866), (11893865, 11893870), (11893919, 11893920), (11893923, 11893924), (11893927, 11893928), (11893931, 11893932), (11893918, 11893922), (11893929, 11893933), (11893921, 11893926), (11893925, 11893930), (11893723, 11893783), (11893888, 11893948), (11893768, 11893843), (11893828, 11893903), (11894639, 11894640), (11894643, 11894644), (11894647, 11894648), (11894651, 11894652), (11894638, 11894642), (11894649, 11894653), (11894641, 11894646), (11894645, 11894650), (11894699, 11894700), (11894703",
        "alg": 21,
        "opt": 11
    },
    "execution_time_mean": 0.008838094770908356,
    "execution_time_std": 0.0,
    "num_valid_runs": 1,
    "num_invalid_runs": 0,
    "all_validation_errors": []
}