{
    "combined_score": 1.1,
    "public": {
        "competitive_ratio": 1.8333333333333333,
        "num_intervals": 152,
        "intervals": "[(5530, 5531), (6399, 6474), (3730, 3731), (4599, 4674), (5476, 5481), (6339, 6414), (3676, 3681), (4539, 4614), (5410, 5411), (6459, 6519), (3610, 3611), (4659, 4719), (5596, 5601), (6294, 6354), (3796, 3801), (4494, 4554), (5534, 5535), (6490, 6491), (3734, 3735), (4690, 4691), (5472, 5477), (6316, 6321), (3672, 3677), (4516, 4521), (5414, 5415), (6370, 6371), (3614, 3615), (4570, 4571), (5592, 5597), (6436, 6441), (3792, 3797), (4636, 4641), (5538, 5539), (6494, 6495), (3738, 3739), (4694, 4695), (5480, 5484), (6312, 6317), (3680, 3684), (4512, 4517), (5418, 5419), (6374, 6375), (3618, 3619), (4574, 4575), (5600, 5604), (6432, 6437), (3800, 3804), (4632, 4637), (5542, 5543), (6498, 6499), (3742, 3743), (4698, 4699), (5469, 5473), (6320, 6324), (3669, 3673), (4520, 4524), (5422, 5423), (6378, 6379), (3622, 3623), (4578, 4579), (5589, 5593), (6440, 6444), (3789, 3793), (4640, 4644), (5529, 5533), (6502, 6503), (3729, 3733), (4702, 4703), (5482, 5483), (6309, 6313), (3682, 3683), (4509",
        "alg": 11,
        "opt": 6
    },
    "execution_time_mean": 0.00016713794320821762,
    "execution_time_std": 0.0,
    "num_valid_runs": 1,
    "num_invalid_runs": 0,
    "all_validation_errors": []
}