{
    "combined_score": 2.3000000000000003,
    "public": {
        "competitive_ratio": 2.3,
        "num_intervals": 9800,
        "intervals": "[(13763671, 13763672), (13966171, 13966172), (14168671, 14168672), (14371171, 14371172), (13764571, 13764572), (13967071, 13967072), (14169571, 14169572), (14372071, 14372072), (13765471, 13765472), (13967971, 13967972), (14170471, 14170472), (14372971, 14372972), (13766371, 13766372), (13968871, 13968872), (14171371, 14171372), (14373871, 14373872), (13763675, 13763676), (13966175, 13966176), (14168675, 14168676), (14371175, 14371176), (13764575, 13764576), (13967075, 13967076), (14169575, 14169576), (14372075, 14372076), (13765475, 13765476), (13967975, 13967976), (14170475, 14170476), (14372975, 14372976), (13766375, 13766376), (13968875, 13968876), (14171375, 14171376), (14373875, 14373876), (13763679, 13763680), (13966179, 13966180), (14168679, 14168680), (14371179, 14371180), (13764579, 13764580), (13967079, 13967080), (14169579, 14169580), (14372079, 14372080), (13765479, 13765480), (13967979, 13967980), (14170479, 14170480), (14372979, 14372980), (13766379, 13766380), (13968879",
        "alg": 23,
        "opt": 10
    },
    "execution_time_mean": 0.005900551099330187,
    "execution_time_std": 0.0,
    "num_valid_runs": 1,
    "num_invalid_runs": 0,
    "all_validation_errors": []
}