{
    "combined_score": 0,
    "public": {
        "competitive_ratio": 1.411764705882353,
        "num_intervals": 8118,
        "intervals": "[(660781, 660782), (660869, 660870), (1281177, 1281178), (1281265, 1281266), (1901573, 1901574), (1901661, 1901662), (2521969, 2521970), (2522057, 2522058), (660957, 660958), (690693, 690694), (1281353, 1281354), (1311089, 1311090), (1901749, 1901750), (1931485, 1931486), (2522145, 2522146), (2551881, 2551882), (690781, 690782), (690869, 690870), (1311177, 1311178), (1311265, 1311266), (1931573, 1931574), (1931661, 1931662), (2551969, 2551970), (2552057, 2552058), (720605, 720606), (720693, 720694), (1341001, 1341002), (1341089, 1341090), (1961397, 1961398), (1961485, 1961486), (2581793, 2581794), (2581881, 2581882), (720781, 720782), (630869, 630870), (1341177, 1341178), (1251265, 1251266), (1961573, 1961574), (1871661, 1871662), (2581969, 2581970), (2492057, 2492058), (630957, 630958), (631045, 631046), (1251353, 1251354), (1251441, 1251442), (1871749, 1871750), (1871837, 1871838), (2492145, 2492146), (2492233, 2492234), (661045, 661046), (662101, 662102), (1281441, 1281442), (128249",
        "alg": 24,
        "opt": 17
    },
    "execution_time_mean": 0.01562111172825098,
    "execution_time_std": 0.0,
    "num_valid_runs": 1,
    "num_invalid_runs": 0,
    "all_validation_errors": []
}