{
    "combined_score": 0,
    "public": {
        "competitive_ratio": 1.0,
        "num_intervals": 645,
        "intervals": "[(932.6333333333333, 935.4333333333333), (923.3, 926.0999999999999), (913.9666666666667, 916.7666666666667), (932.1666666666666, 936.8333333333333), (925.1666666666666, 929.8333333333333), (918.1666666666666, 922.8333333333333), (911.1666666666666, 915.8333333333333), (933.24, 934.64), (932.1199999999999, 933.52), (934.3599999999999, 935.48), (931.28, 932.4), (926.3333333333333, 938.0), (917.0, 928.6666666666666), (935.6666666666666, 945.0), (910.0, 919.3333333333333), (940.3333333333333, 940.6666666666666), (941.0, 941.3333333333333), (941.6666666666666, 942.0), (942.3333333333333, 942.6666666666666), (931.2916666666666, 931.7583333333333), (933.0, 933.3333333333333), (932.3333333333333, 932.6666666666666), (931.6666666666666, 932.0), (931.0, 931.3333333333333), (923.0666666666666, 923.3466666666666), (921.9583333333333, 922.425), (921.6666666666666, 922.0), (922.3333333333333, 922.6666666666666), (923.0, 923.3333333333333), (923.6666666666666, 924.0), (913.7333333333333, 914.01333333",
        "alg": 11,
        "opt": 11
    },
    "execution_time_mean": 0.00018418394029140472,
    "execution_time_std": 0.0,
    "num_valid_runs": 1,
    "num_invalid_runs": 0,
    "all_validation_errors": []
}