{
    "combined_score": 0,
    "public": {
        "competitive_ratio": 1.5454545454545454,
        "num_intervals": 9562,
        "intervals": "[(10577485, 10577486), (10577489, 10577490), (10577493, 10577494), (10577497, 10577498), (10577484, 10577488), (10577495, 10577499), (10577487, 10577492), (10577491, 10577496), (10577551, 10577556), (10577547, 10577552), (10577555, 10577559), (10577544, 10577548), (10577557, 10577558), (10577553, 10577554), (10577549, 10577550), (10577545, 10577546), (10577605, 10577606), (10577609, 10577610), (10577613, 10577614), (10577617, 10577618), (10577604, 10577608), (10577615, 10577619), (10577607, 10577612), (10577611, 10577616), (10577671, 10577676), (10577667, 10577672), (10577675, 10577679), (10577664, 10577668), (10577677, 10577678), (10577673, 10577674), (10577669, 10577670), (10577665, 10577666), (10577469, 10577529), (10577634, 10577694), (10577514, 10577589), (10577574, 10577649), (10578474, 10578549), (10578414, 10578489), (10578534, 10578594), (10578369, 10578429), (10578565, 10578566), (10578569, 10578570), (10578573, 10578574), (10578577, 10578578), (10578564, 10578568), (10578575",
        "alg": 17,
        "opt": 11
    },
    "execution_time_mean": 0.00934507604688406,
    "execution_time_std": 0.0,
    "num_valid_runs": 1,
    "num_invalid_runs": 0,
    "all_validation_errors": []
}