{
    "combined_score": 1.3,
    "public": {
        "competitive_ratio": 1.4444444444444444,
        "num_intervals": 9800,
        "intervals": "[(-78975.0, -39487.5), (-13162.5, 26325.0), (307125.0, 526500.0), (131625.0, 351000.0), (482625.0, 658125.0), (0.0, 175500.0), (587250.0, 604125.0), (411750.0, 428625.0), (236250.0, 253125.0), (60750.0, 77625.0), (580500.0, 590625.0), (405000.0, 415125.0), (229500.0, 239625.0), (54000.0, 64125.0), (600750.0, 614250.0), (425250.0, 438750.0), (249750.0, 263250.0), (74250.0, 87750.0), (570375.0, 577125.0), (394875.0, 401625.0), (219375.0, 226125.0), (43875.0, 50625.0), (607743.0, 607756.5), (432243.0, 432256.5), (256743.0, 256756.5), (81243.0, 81256.5), (608643.0, 608656.5), (433143.0, 433156.5), (257643.0, 257656.5), (82143.0, 82156.5), (609543.0, 609556.5), (434043.0, 434056.5), (258543.0, 258556.5), (83043.0, 83056.5), (610443.0, 610456.5), (434943.0, 434956.5), (259443.0, 259456.5), (83943.0, 83956.5), (607765.5, 607779.0), (432265.5, 432279.0), (256765.5, 256779.0), (81265.5, 81279.0), (608665.5, 608679.0), (433165.5, 433179.0), (257665.5, 257679.0), (82165.5, 82179.0), (609565.5, 60",
        "alg": 13,
        "opt": 9
    },
    "execution_time_mean": 0.006375358905643225,
    "execution_time_std": 0.0,
    "num_valid_runs": 1,
    "num_invalid_runs": 0,
    "all_validation_errors": []
}