{
    "combined_score": 0,
    "public": {
        "competitive_ratio": 1.3529411764705883,
        "num_intervals": 4787,
        "intervals": "[(145558, 145559), (348058, 348059), (550558, 550559), (753058, 753059), (132058, 132059), (334558, 334559), (537058, 537059), (739558, 739559), (118558, 118559), (321058, 321059), (523558, 523559), (726058, 726059), (105058, 105059), (307558, 307559), (510058, 510059), (712558, 712559), (146458, 146459), (348958, 348959), (551458, 551459), (753958, 753959), (132958, 132959), (335458, 335459), (537958, 537959), (740458, 740459), (119458, 119459), (321958, 321959), (524458, 524459), (726958, 726959), (105958, 105959), (308458, 308459), (510958, 510959), (713458, 713459), (147358, 147359), (349858, 349859), (552358, 552359), (754858, 754859), (133858, 133859), (336358, 336359), (538858, 538859), (741358, 741359), (120358, 120359), (322858, 322859), (525358, 525359), (727858, 727859), (106858, 106859), (309358, 309359), (511858, 511859), (714358, 714359), (148258, 148259), (350758, 350759), (553258, 553259), (755758, 755759), (134758, 134759), (337258, 337259), (539758, 539759), (742258, ",
        "alg": 23,
        "opt": 17
    },
    "execution_time_mean": 0.0039875702932477,
    "execution_time_std": 0.0,
    "num_valid_runs": 1,
    "num_invalid_runs": 0,
    "all_validation_errors": []
}