{
    "combined_score": 0,
    "public": {
        "competitive_ratio": 1.8181818181818181,
        "num_intervals": 7621,
        "intervals": "[(9926308, 9926309), (6888808, 6888809), (3851308, 3851309), (813808, 813809), (9927208, 9927209), (6889708, 6889709), (3852208, 3852209), (814708, 814709), (9928108, 9928109), (6890608, 6890609), (3853108, 3853109), (815608, 815609), (9929008, 9929009), (6891508, 6891509), (3854008, 3854009), (816508, 816509), (9926304, 9926305), (6888804, 6888805), (3851304, 3851305), (813804, 813805), (9927204, 9927205), (6889704, 6889705), (3852204, 3852205), (814704, 814705), (9928104, 9928105), (6890604, 6890605), (3853104, 3853105), (815604, 815605), (9929004, 9929005), (6891504, 6891505), (3854004, 3854005), (816504, 816505), (9926300, 9926301), (6888800, 6888801), (3851300, 3851301), (813800, 813801), (9927200, 9927201), (6889700, 6889701), (3852200, 3852201), (814700, 814701), (9928100, 9928101), (6890600, 6890601), (3853100, 3853101), (815600, 815601), (9929000, 9929001), (6891500, 6891501), (3854000, 3854001), (816500, 816501), (9926296, 9926297), (6888796, 6888797), (3851296, 3851297), (81",
        "alg": 20,
        "opt": 11
    },
    "execution_time_mean": 0.005889422260224819,
    "execution_time_std": 0.0,
    "num_valid_runs": 1,
    "num_invalid_runs": 0,
    "all_validation_errors": []
}