{
    "combined_score": 0,
    "public": {
        "competitive_ratio": 1.04,
        "num_intervals": 896675,
        "intervals": "[(10692483.206281552, 10692484.206281552), (10692485.206281552, 10692486.206281552), (10692487.206281552, 10692488.206281552), (10692489.206281552, 10692490.206281552), (10692486.706281552, 10692517.506281551), (10692488.456281552, 10692543.756281551), (10692519.342364026, 10692520.342364026), (10692517.342364026, 10692518.342364026), (10692515.342364026, 10692516.342364026), (10692513.342364026, 10692514.342364026), (10692516.842364026, 10692545.506281551), (10692518.592364026, 10692571.756281551), (10692543.4784465, 10692544.4784465), (10692545.4784465, 10692546.4784465), (10692547.4784465, 10692548.4784465), (10692549.4784465, 10692550.4784465), (10692546.9784465, 10692573.506281551), (10692574.014528975, 10692575.014528975), (10692572.014528975, 10692573.014528975), (10692570.014528975, 10692571.014528975), (10692568.014528975, 10692569.014528975), (10692479.006281551, 10692507.006281551), (10692556.006281551, 10692584.006281551), (10692500.006281551, 10692535.006281551), (10692528",
        "alg": 52,
        "opt": 50
    },
    "execution_time_mean": 0.2783662467263639,
    "execution_time_std": 0.0,
    "num_valid_runs": 0,
    "num_invalid_runs": 1,
    "all_validation_errors": [
        "Length 896675 exceeds the max limit of 10000 intervals"
    ]
}