{
    "combined_score": 1.6,
    "public": {
        "competitive_ratio": 1.7777777777777777,
        "num_intervals": 9560,
        "intervals": "[(3597750, 3817125), (6005700, 6006825), (8862750, 9082125), (740700, 741825), (3422250, 3641625), (6159375, 6176250), (8687250, 8906625), (894375, 911250), (3773250, 3948750), (6356700, 6357825), (9038250, 9213750), (1091700, 1092825), (3290625, 3466125), (6510375, 6527250), (8555625, 8731125), (1245375, 1262250), (3899700, 3900825), (5972482, 5972487), (9164700, 9165825), (707482, 707487), (3702375, 3719250), (6152625, 6162750), (8967375, 8984250), (887625, 897750), (3548700, 3549825), (6323482, 6323487), (8813700, 8814825), (1058482, 1058487), (3351375, 3368250), (6503625, 6513750), (8616375, 8633250), (1238625, 1248750), (3866482, 3866487), (5978700, 5979825), (9131482, 9131487), (713700, 714825), (3695625, 3705750), (6172875, 6186375), (8960625, 8970750), (907875, 921375), (3515482, 3515487), (6329700, 6330825), (8780482, 8780487), (1064700, 1065825), (3344625, 3354750), (6523875, 6537375), (8609625, 8619750), (1258875, 1272375), (3872700, 3873825), (5992732, 5992737), (9137700, 9",
        "alg": 16,
        "opt": 9
    },
    "execution_time_mean": 0.008208085782825947,
    "execution_time_std": 0.0,
    "num_valid_runs": 1,
    "num_invalid_runs": 0,
    "all_validation_errors": []
}