{
    "combined_score": 0,
    "public": {
        "competitive_ratio": 1.7857142857142858,
        "num_intervals": 9787,
        "intervals": "[(813616, 813617), (3851116, 3851117), (6888616, 6888617), (9926116, 9926117), (1016116, 1016117), (4053616, 4053617), (7091116, 7091117), (10128616, 10128617), (1218616, 1218617), (4256116, 4256117), (7293616, 7293617), (10331116, 10331117), (1421116, 1421117), (4458616, 4458617), (7496116, 7496117), (10533616, 10533617), (827116, 827117), (3864616, 3864617), (6902116, 6902117), (9939616, 9939617), (1029616, 1029617), (4067116, 4067117), (7104616, 7104617), (10142116, 10142117), (1232116, 1232117), (4269616, 4269617), (7307116, 7307117), (10344616, 10344617), (1434616, 1434617), (4472116, 4472117), (7509616, 7509617), (10547116, 10547117), (840616, 840617), (3878116, 3878117), (6915616, 6915617), (9953116, 9953117), (1043116, 1043117), (4080616, 4080617), (7118116, 7118117), (10155616, 10155617), (1245616, 1245617), (4283116, 4283117), (7320616, 7320617), (10358116, 10358117), (1448116, 1448117), (4485616, 4485617), (7523116, 7523117), (10560616, 10560617), (854116, 854117), (3891616,",
        "alg": 25,
        "opt": 14
    },
    "execution_time_mean": 0.007353898137807846,
    "execution_time_std": 0.0,
    "num_valid_runs": 1,
    "num_invalid_runs": 0,
    "all_validation_errors": []
}