{
    "combined_score": 0,
    "public": {
        "competitive_ratio": 1.05,
        "num_intervals": 1904,
        "intervals": "[(3427.883093569258, 3428.883093569258), (3429.883093569258, 3430.883093569258), (3431.883093569258, 3432.883093569258), (3433.883093569258, 3434.883093569258), (3431.033093569258, 3459.7330935692585), (3432.783093569258, 3485.9830935692585), (3461.883093569258, 3462.883093569258), (3459.883093569258, 3460.883093569258), (3457.883093569258, 3458.883093569258), (3455.883093569258, 3456.883093569258), (3459.033093569258, 3487.7330935692585), (3460.783093569258, 3513.9830935692585), (3483.883093569258, 3484.883093569258), (3485.883093569258, 3486.883093569258), (3487.883093569258, 3488.883093569258), (3489.883093569258, 3490.883093569258), (3487.033093569258, 3515.7330935692585), (3517.883093569258, 3518.883093569258), (3515.883093569258, 3516.883093569258), (3513.883093569258, 3514.883093569258), (3511.883093569258, 3512.883093569258), (3420.883093569258, 3448.883093569258), (3497.883093569258, 3525.883093569258), (3441.883093569258, 3476.883093569258), (3469.883093569258, 3504.883093569",
        "alg": 21,
        "opt": 20
    },
    "execution_time_mean": 0.0013837749138474464,
    "execution_time_std": 0.0,
    "num_valid_runs": 1,
    "num_invalid_runs": 0,
    "all_validation_errors": []
}