{
    "combined_score": 0,
    "public": {
        "competitive_ratio": 1.7692307692307692,
        "num_intervals": 9798,
        "intervals": "[(8637046, 8637047), (8812546, 8812547), (8988046, 8988047), (9163546, 9163547), (8637946, 8637947), (8813446, 8813447), (8988946, 8988947), (9164446, 9164447), (8638846, 8638847), (8814346, 8814347), (8989846, 8989847), (9165346, 9165347), (8639746, 8639747), (8815246, 8815247), (8990746, 8990747), (9166246, 9166247), (8637050, 8637051), (8812550, 8812551), (8988050, 8988051), (9163550, 9163551), (8637950, 8637951), (8813450, 8813451), (8988950, 8988951), (9164450, 9164451), (8638850, 8638851), (8814350, 8814351), (8989850, 8989851), (9165350, 9165351), (8639750, 8639751), (8815250, 8815251), (8990750, 8990751), (9166250, 9166251), (8637054, 8637055), (8812554, 8812555), (8988054, 8988055), (9163554, 9163555), (8637954, 8637955), (8813454, 8813455), (8988954, 8988955), (9164454, 9164455), (8638854, 8638855), (8814354, 8814355), (8989854, 8989855), (9165354, 9165355), (8639754, 8639755), (8815254, 8815255), (8990754, 8990755), (9166254, 9166255), (8637058, 8637059), (8812558, 8812559),",
        "alg": 23,
        "opt": 13
    },
    "execution_time_mean": 0.005117095075547695,
    "execution_time_std": 0.0,
    "num_valid_runs": 1,
    "num_invalid_runs": 0,
    "all_validation_errors": []
}