{
    "combined_score": 0,
    "public": {
        "competitive_ratio": 1.3076923076923077,
        "num_intervals": 6139,
        "intervals": "[(43132500, 44448750), (218632500, 219948750), (394132500, 395448750), (569632500, 570948750), (45326250, 46642500), (220826250, 222142500), (396326250, 397642500), (571826250, 573142500), (80752500, 80853750), (236250000, 253125000), (431752500, 431853750), (587250000, 604125000), (47002500, 47103750), (229500000, 239625000), (398002500, 398103750), (580500000, 590625000), (53752500, 53853750), (249750000, 263250000), (404752500, 404853750), (600750000, 614250000), (67252500, 67353750), (219375000, 226125000), (418252500, 418353750), (570375000, 577125000), (80921250, 81022500), (244856250, 257681250), (431921250, 432022500), (595856250, 608681250), (47171250, 47272500), (231356250, 244181250), (398171250, 398272500), (582356250, 595181250), (53921250, 54022500), (224606250, 230681250), (404921250, 405022500), (575606250, 581681250), (67421250, 67522500), (244575000, 245700000), (418421250, 418522500), (595575000, 596700000), (82575000, 83700000), (231538500, 231545250), (433575000, 4",
        "alg": 17,
        "opt": 13
    },
    "execution_time_mean": 0.011173146776854992,
    "execution_time_std": 0.0,
    "num_valid_runs": 1,
    "num_invalid_runs": 0,
    "all_validation_errors": []
}