{
    "combined_score": 0,
    "public": {
        "competitive_ratio": 1.7333333333333334,
        "num_intervals": 9800,
        "intervals": "[(8696760, 8696761), (21475473, 21475474), (17215902, 17215903), (4437189, 4437190), (9448449, 9448450), (22227162, 22227163), (17967591, 17967592), (5188878, 5188879), (8947323, 8947324), (21726036, 21726037), (17466465, 17466466), (4687752, 4687753), (9699012, 9699013), (22477725, 22477726), (18218154, 18218155), (5439441, 5439442), (8716412, 8716413), (21495125, 21495126), (17235554, 17235555), (4456841, 4456842), (9468101, 9468102), (22246814, 22246815), (17987243, 17987244), (5208530, 5208531), (8966975, 8966976), (21745688, 21745689), (17486117, 17486118), (4707404, 4707405), (9718664, 9718665), (22497377, 22497378), (18237806, 18237807), (5459093, 5459094), (8736064, 8736065), (21514777, 21514778), (17255206, 17255207), (4476493, 4476494), (9487753, 9487754), (22266466, 22266467), (18006895, 18006896), (5228182, 5228183), (8986627, 8986628), (21765340, 21765341), (17505769, 17505770), (4727056, 4727057), (9738316, 9738317), (22517029, 22517030), (18257458, 18257459), (5478745, 5",
        "alg": 26,
        "opt": 15
    },
    "execution_time_mean": 0.010903545189648867,
    "execution_time_std": 0.0,
    "num_valid_runs": 1,
    "num_invalid_runs": 0,
    "all_validation_errors": []
}