{
    "combined_score": 0,
    "public": {
        "competitive_ratio": 1.0714285714285714,
        "num_intervals": 1887,
        "intervals": "[(3689.0, 3703.0), (3668.0, 3682.0), (3647.0, 3661.0), (3626.0, 3640.0), (3688.5625, 3690.75), (3687.03125, 3689.21875), (3690.3125, 3692.0625), (3685.71875, 3687.46875), (3671.5, 3706.5), (3643.5, 3678.5), (3699.5, 3727.5), (3622.5, 3650.5), (3713.5, 3714.5), (3715.5, 3716.5), (3717.5, 3718.5), (3719.5, 3720.5), (3689.0, 3717.0), (3691.5, 3692.5), (3689.5, 3690.5), (3687.5, 3688.5), (3685.5, 3686.5), (3661.0, 3689.0), (3657.5, 3658.5), (3659.5, 3660.5), (3661.5, 3662.5), (3663.5, 3664.5), (3633.0, 3661.0), (3635.5, 3636.5), (3633.5, 3634.5), (3631.5, 3632.5), (3629.5, 3630.5), (3675.0, 3885.0), (3839.5, 3840.5), (3841.5, 3842.5), (3843.5, 3844.5), (3845.5, 3846.5), (3843.0, 3871.0), (3873.5, 3874.5), (3871.5, 3872.5), (3869.5, 3870.5), (3867.5, 3868.5), (3871.0, 3899.0), (3895.5, 3896.5), (3897.5, 3898.5), (3899.5, 3900.5), (3901.5, 3902.5), (3899.0, 3927.0), (3929.5, 3930.5), (3927.5, 3928.5), (3925.5, 3926.5), (3923.5, 3924.5), (3832.5, 3860.5), (3909.5, 3937.5), (3853.5, 3888.5), (",
        "alg": 15,
        "opt": 14
    },
    "execution_time_mean": 0.0012874910607933998,
    "execution_time_std": 0.0,
    "num_valid_runs": 1,
    "num_invalid_runs": 0,
    "all_validation_errors": []
}