{
    "combined_score": 0,
    "public": {
        "competitive_ratio": 1.2857142857142858,
        "num_intervals": 3200,
        "intervals": "[(43180, 43181), (40672, 40673), (38164, 38165), (35656, 35657), (43177, 43178), (40669, 40670), (38161, 38162), (35653, 35654), (43174, 43175), (40666, 40667), (38158, 38159), (35650, 35651), (43171, 43172), (40663, 40664), (38155, 38156), (35647, 35648), (43168, 43169), (40660, 40661), (38152, 38153), (35644, 35645), (43166, 43167), (40658, 40659), (38150, 38151), (35642, 35643), (43165, 43167), (40657, 40659), (38149, 38151), (35641, 35643), (43179, 43182), (40671, 40674), (38163, 38166), (35655, 35658), (43168, 43170), (40660, 40662), (38152, 38154), (35644, 35646), (43170, 43173), (40662, 40665), (38154, 38157), (35646, 35649), (43173, 43176), (40665, 40668), (38157, 38160), (35649, 35652), (43176, 43179), (40668, 40671), (38160, 38163), (35652, 35655), (43185, 43186), (40677, 40678), (38169, 38170), (35661, 35662), (43183, 43184), (40675, 40676), (38167, 38168), (35659, 35660), (43181, 43182), (40673, 40674), (38165, 38166), (35657, 35658), (43176, 43177), (40668, 40669), (38160,",
        "alg": 18,
        "opt": 14
    },
    "execution_time_mean": 0.003605807200074196,
    "execution_time_std": 0.0,
    "num_valid_runs": 1,
    "num_invalid_runs": 0,
    "all_validation_errors": []
}