{
    "combined_score": 0,
    "public": {
        "competitive_ratio": 1.588235294117647,
        "num_intervals": 2747,
        "intervals": "[(186882, 186883), (316932, 316933), (577032, 577033), (837132, 837133), (187902, 187903), (317952, 317953), (578052, 578053), (838152, 838153), (188922, 188923), (318972, 318973), (579072, 579073), (839172, 839173), (189942, 189943), (319992, 319993), (580092, 580093), (840192, 840193), (186886, 186887), (316936, 316937), (577036, 577037), (837136, 837137), (187906, 187907), (317956, 317957), (578056, 578057), (838156, 838157), (188926, 188927), (318976, 318977), (579076, 579077), (839176, 839177), (189946, 189947), (319996, 319997), (580096, 580097), (840196, 840197), (186890, 186891), (316940, 316941), (577040, 577041), (837140, 837141), (187910, 187911), (317960, 317961), (578060, 578061), (838160, 838161), (188930, 188931), (318980, 318981), (579080, 579081), (839180, 839181), (189950, 189951), (320000, 320001), (580100, 580101), (840200, 840201), (186894, 186895), (316944, 316945), (577044, 577045), (837144, 837145), (187914, 187915), (317964, 317965), (578064, 578065), (838164, ",
        "alg": 27,
        "opt": 17
    },
    "execution_time_mean": 0.0036604860797524452,
    "execution_time_std": 0.0,
    "num_valid_runs": 1,
    "num_invalid_runs": 0,
    "all_validation_errors": []
}