{
    "combined_score": 0.7000000000000001,
    "public": {
        "competitive_ratio": 1.4,
        "num_intervals": 100,
        "intervals": "[(63.649249, 65.249249), (63.769249, 65.369249), (63.889249, 65.489249), (65.489249, 67.289249), (65.609249, 67.409249), (65.729249, 67.529249), (65.849249, 67.649249), (67.509249, 69.509249), (67.629249, 69.629249), (67.749249, 69.749249), (67.869249, 69.869249), (67.989249, 69.989249), (70.009249, 71.609249), (70.129249, 71.729249), (70.249249, 71.849249), (71.749249, 73.749249), (71.869249, 73.869249), (71.989249, 73.989249), (72.109249, 74.109249), (72.229249, 74.229249), (74.149249, 75.949249), (74.269249, 76.069249), (74.389249, 76.189249), (74.509249, 76.309249), (69.589249, 70.389249), (69.729249, 70.529249), (61.249249, 62.049249), (60.849249, 61.649249), (60.449249, 61.249249), (60.049249, 60.849249), (59.649249, 60.449249), (60.049249, 60.849249), (60.249249, 61.049249), (59.849249, 60.649249), (60.649249, 61.449249), (61.049249, 61.849249), (61.449249, 62.249249), (61.649249, 62.449249), (61.849249, 62.649249), (62.049249, 62.849249), (64.969249, 65.769249), (65.089249, 65.",
        "alg": 7,
        "opt": 5
    },
    "execution_time_mean": 4.249854298774153,
    "execution_time_std": 0.0,
    "num_valid_runs": 1,
    "num_invalid_runs": 0,
    "all_validation_errors": []
}