{
    "combined_score": 0,
    "public": {
        "competitive_ratio": 1.4615384615384615,
        "num_intervals": 12286,
        "intervals": "[(5997803, 5997805), (9337827, 9337829), (12677851, 12677853), (987767, 987769), (6112843, 6112845), (9452867, 9452869), (12792891, 12792893), (1102807, 1102809), (6342923, 6342925), (9682947, 9682949), (13022971, 13022973), (1332887, 1332889), (6573003, 6573005), (9913027, 9913029), (13253051, 13253053), (1562967, 1562969), (6038971, 6038999), (9378995, 9379023), (12719019, 12719047), (1028935, 1028963), (6154011, 6154039), (9494035, 9494063), (12834059, 12834087), (1143975, 1144003), (6384091, 6384119), (9724115, 9724143), (13064139, 13064167), (1374055, 1374083), (6614171, 6614199), (9954195, 9954223), (13294219, 13294247), (1604135, 1604163), (6023273, 6023275), (9363297, 9363299), (12703321, 12703323), (1013237, 1013239), (6138313, 6138315), (9478337, 9478339), (12818361, 12818363), (1128277, 1128279), (6368393, 6368395), (9708417, 9708419), (13048441, 13048443), (1358357, 1358359), (6598473, 6598475), (9938497, 9938499), (13278521, 13278523), (1588437, 1588439), (6005011, 6005039",
        "alg": 19,
        "opt": 13
    },
    "execution_time_mean": 0.005383837036788464,
    "execution_time_std": 0.0,
    "num_valid_runs": 0,
    "num_invalid_runs": 1,
    "all_validation_errors": [
        "Length 12286 exceeds the max limit of 10000 intervals"
    ]
}