{
    "combined_score": 0,
    "public": {
        "competitive_ratio": 1.1176470588235294,
        "num_intervals": 9800,
        "intervals": "[(981898.3125, 981917.36875), (981708.0, 981727.05625), (980490.0, 980642.25), (980109.375, 980223.5625), (980375.8125, 980528.0625), (980185.5, 980337.75), (979348.125, 980870.625), (977064.375, 978586.875), (978206.25, 979348.125), (976303.125, 977445.0), (981695.225, 981695.3375), (981694.35, 981694.4625), (981688.225, 981689.1), (981687.6125, 981688.4875), (981688.925, 981689.625), (981687.0875, 981687.7875), (981683.5, 981692.25), (981676.5, 981685.25), (981690.5, 981697.5), (981671.25, 981678.25), (981694.0, 981694.25), (981694.5, 981694.75), (981695.0, 981695.25), (981695.5, 981695.75), (981687.525, 981687.875), (981688.5, 981688.75), (981688.0, 981688.25), (981687.5, 981687.75), (981687.0, 981687.25), (981680.525, 981680.875), (981680.0, 981680.25), (981680.5, 981680.75), (981681.0, 981681.25), (981681.5, 981681.75), (981673.525, 981673.875), (981674.5, 981674.75), (981674.0, 981674.25), (981673.5, 981673.75), (981673.0, 981673.25), (981679.125, 981684.375), (981725.5, 981725.7",
        "alg": 19,
        "opt": 17
    },
    "execution_time_mean": 0.01947240624576807,
    "execution_time_std": 0.0,
    "num_valid_runs": 1,
    "num_invalid_runs": 0,
    "all_validation_errors": []
}