{
    "combined_score": 1.4000000000000001,
    "public": {
        "competitive_ratio": 1.5555555555555556,
        "num_intervals": 5803,
        "intervals": "[(1267252, 1267253), (2575125, 2693250), (3724252, 3724253), (5032125, 5150250), (1499400, 1507275), (2527875, 2598750), (3956400, 3964275), (4984875, 5055750), (1409002, 1409003), (2669625, 2764125), (3866002, 3866003), (5126625, 5221125), (1310400, 1318275), (2457000, 2504250), (3767400, 3775275), (4914000, 4961250), (1273335, 1273860), (2713726, 2713727), (3730335, 3730860), (5170726, 5170727), (1493100, 1500975), (2619228, 2619229), (3950100, 3957975), (5076228, 5076229), (1415085, 1415610), (2524727, 2524728), (3872085, 3872610), (4981727, 4981728), (1304100, 1311975), (2477476, 2477477), (3761100, 3768975), (4934476, 4934477), (1254652, 1254653), (2543002, 2543003), (3711652, 3711653), (5000002, 5000003), (1505700, 1512000), (2633400, 2641275), (3962700, 3969000), (5090400, 5098275), (1396402, 1396403), (2732002, 2732003), (3853402, 3853403), (5189002, 5189003), (1316700, 1323000), (2491650, 2499525), (3773700, 3780000), (4948650, 4956525), (1260735, 1261260), (2549085, 2549610),",
        "alg": 14,
        "opt": 9
    },
    "execution_time_mean": 0.00615950720384717,
    "execution_time_std": 0.0,
    "num_valid_runs": 1,
    "num_invalid_runs": 0,
    "all_validation_errors": []
}