{
    "combined_score": 1.9000000000000001,
    "public": {
        "competitive_ratio": 1.9,
        "num_intervals": 9800,
        "intervals": "[(9946125, 9963000), (10148625, 10165500), (10351125, 10368000), (10553625, 10570500), (9932625, 9949500), (10135125, 10152000), (10337625, 10354500), (10540125, 10557000), (9959625, 9973125), (10162125, 10175625), (10364625, 10378125), (10567125, 10580625), (9922500, 9936000), (10125000, 10138500), (10327500, 10341000), (10530000, 10543500), (9927450, 9928575), (10129950, 10131075), (10332450, 10333575), (10534950, 10536075), (9926550, 9927675), (10129050, 10130175), (10331550, 10332675), (10534050, 10535175), (9928350, 9929250), (10130850, 10131750), (10333350, 10334250), (10535850, 10536750), (9925875, 9926775), (10128375, 10129275), (10330875, 10331775), (10533375, 10534275), (9928996, 9928997), (10131496, 10131497), (10333996, 10333997), (10536496, 10536497), (9928096, 9928097), (10130596, 10130597), (10333096, 10333097), (10535596, 10535597), (9927196, 9927197), (10129696, 10129697), (10332196, 10332197), (10534696, 10534697), (9926296, 9926297), (10128796, 10128797), (10331296, ",
        "alg": 19,
        "opt": 10
    },
    "execution_time_mean": 0.0057581509463489056,
    "execution_time_std": 0.0,
    "num_valid_runs": 1,
    "num_invalid_runs": 0,
    "all_validation_errors": []
}