{
    "combined_score": 1.2000000000000002,
    "public": {
        "competitive_ratio": 1.7142857142857142,
        "num_intervals": 9800,
        "intervals": "[(7527260, 7530640), (7458861, 7458866), (7386652, 7390032), (7353405, 7353410), (7740077, 7740082), (7667868, 7671248), (7599469, 7599474), (7524556, 7527936), (7461194, 7461324), (7383948, 7387328), (7355738, 7355868), (7742410, 7742540), (7665164, 7668544), (7601802, 7601932), (7529964, 7532668), (7464269, 7464274), (7389356, 7392060), (7358813, 7358818), (7745485, 7745490), (7670572, 7673276), (7604877, 7604882), (7522528, 7525232), (7466602, 7466732), (7381920, 7384624), (7361146, 7361276), (7747818, 7747948), (7663136, 7665840), (7607210, 7607340), (7526461, 7526466), (7469677, 7469682), (7385853, 7385858), (7364221, 7364226), (7750893, 7750898), (7667069, 7667074), (7610285, 7610290), (7523386, 7523516), (7453453, 7453458), (7382778, 7382908), (7347997, 7348002), (7734669, 7734674), (7663994, 7664124), (7594061, 7594066), (7539610, 7539740), (7455786, 7455916), (7399002, 7399132), (7350330, 7350460), (7737002, 7737132), (7680218, 7680348), (7596394, 7596524), (7537277, 7537282),",
        "alg": 12,
        "opt": 7
    },
    "execution_time_mean": 0.028605032712221146,
    "execution_time_std": 0.0,
    "num_valid_runs": 1,
    "num_invalid_runs": 0,
    "all_validation_errors": []
}