{
    "combined_score": 2.3000000000000003,
    "public": {
        "competitive_ratio": 2.3,
        "num_intervals": 9800,
        "intervals": "[(3853876, 3853877), (816376, 816377), (9928876, 9928877), (6891376, 6891377), (3867376, 3867377), (829876, 829877), (9942376, 9942377), (6904876, 6904877), (3880876, 3880877), (843376, 843377), (9955876, 9955877), (6918376, 6918377), (3894376, 3894377), (856876, 856877), (9969376, 9969377), (6931876, 6931877), (3853816, 3853817), (816316, 816317), (9928816, 9928817), (6891316, 6891317), (3867316, 3867317), (829816, 829817), (9942316, 9942317), (6904816, 6904817), (3880816, 3880817), (843316, 843317), (9955816, 9955817), (6918316, 6918317), (3894316, 3894317), (856816, 856817), (9969316, 9969317), (6931816, 6931817), (3853996, 3853997), (816496, 816497), (9928996, 9928997), (6891496, 6891497), (3867496, 3867497), (829996, 829997), (9942496, 9942497), (6904996, 6904997), (3880996, 3880997), (843496, 843497), (9955996, 9955997), (6918496, 6918497), (3894496, 3894497), (856996, 856997), (9969496, 9969497), (6931996, 6931997), (3853936, 3853937), (816436, 816437), (9928936, 9928937), (6891",
        "alg": 23,
        "opt": 10
    },
    "execution_time_mean": 0.01215119892731309,
    "execution_time_std": 0.0,
    "num_valid_runs": 1,
    "num_invalid_runs": 0,
    "all_validation_errors": []
}