{
    "combined_score": 0,
    "public": {
        "competitive_ratio": 1.5263157894736843,
        "num_intervals": 19902,
        "intervals": "[(236660, 236670), (570744, 570754), (904828, 904838), (1238912, 1238922), (237816, 237826), (571900, 571910), (905984, 905994), (1240068, 1240078), (238972, 238982), (573056, 573066), (907140, 907150), (1241224, 1241234), (240128, 240138), (574212, 574222), (908296, 908306), (1242380, 1242390), (236742, 236912), (570826, 570996), (904910, 905080), (1238994, 1239164), (237898, 238068), (571982, 572152), (906066, 906236), (1240150, 1240320), (239054, 239224), (573138, 573308), (907222, 907392), (1241306, 1241476), (240210, 240380), (574294, 574464), (908378, 908548), (1242462, 1242632), (236657, 236674), (570741, 570758), (904825, 904842), (1238909, 1238926), (237813, 237830), (571897, 571914), (905981, 905998), (1240065, 1240082), (238969, 238986), (573053, 573070), (907137, 907154), (1241221, 1241238), (240125, 240142), (574209, 574226), (908293, 908310), (1242377, 1242394), (236691, 236980), (570775, 571064), (904859, 905148), (1238943, 1239232), (237847, 238136), (571931, 572220), (",
        "alg": 29,
        "opt": 19
    },
    "execution_time_mean": 0.010527438949793577,
    "execution_time_std": 0.0,
    "num_valid_runs": 0,
    "num_invalid_runs": 1,
    "all_validation_errors": [
        "Length 19902 exceeds the max limit of 10000 intervals"
    ]
}