{
    "combined_score": 0,
    "public": {
        "competitive_ratio": 2.076923076923077,
        "num_intervals": 9800,
        "intervals": "[(6891376, 6891377), (3853876, 3853877), (12966376, 12966377), (9928876, 9928877), (6904876, 6904877), (3867376, 3867377), (12979876, 12979877), (9942376, 9942377), (6918376, 6918377), (3880876, 3880877), (12993376, 12993377), (9955876, 9955877), (6931876, 6931877), (3894376, 3894377), (13006876, 13006877), (9969376, 9969377), (6891316, 6891317), (3853816, 3853817), (12966316, 12966317), (9928816, 9928817), (6904816, 6904817), (3867316, 3867317), (12979816, 12979817), (9942316, 9942317), (6918316, 6918317), (3880816, 3880817), (12993316, 12993317), (9955816, 9955817), (6931816, 6931817), (3894316, 3894317), (13006816, 13006817), (9969316, 9969317), (6891496, 6891497), (3853996, 3853997), (12966496, 12966497), (9928996, 9928997), (6904996, 6904997), (3867496, 3867497), (12979996, 12979997), (9942496, 9942497), (6918496, 6918497), (3880996, 3880997), (12993496, 12993497), (9955996, 9955997), (6931996, 6931997), (3894496, 3894497), (13006996, 13006997), (9969496, 9969497), (6891436, 68914",
        "alg": 27,
        "opt": 13
    },
    "execution_time_mean": 0.008595923893153667,
    "execution_time_std": 0.0,
    "num_valid_runs": 1,
    "num_invalid_runs": 0,
    "all_validation_errors": []
}