{
    "combined_score": 0,
    "public": {
        "competitive_ratio": 1.2222222222222223,
        "num_intervals": 2169,
        "intervals": "[(13284, 13933), (14258, 14907), (13353, 13388), (13405, 13440), (13357, 13359), (13360, 13362), (13358, 13358), (13358, 13358), (13358, 13359), (13358, 13362), (13362, 13362), (13362, 13362), (13362, 13363), (13362, 13366), (13366, 13366), (13366, 13366), (13366, 13367), (13366, 13370), (13370, 13370), (13370, 13370), (13370, 13371), (13357, 13361), (13361, 13365), (13365, 13369), (13357, 13361), (13368, 13372), (13360, 13365), (13364, 13369), (13360, 13363), (13366, 13369), (13372, 13375), (13356, 13359), (13366, 13370), (13365, 13437), (13433, 13435), (13436, 13438), (13442, 13446), (13432, 13435), (13448, 13451), (13442, 13445), (13436, 13439), (13440, 13445), (13436, 13441), (13444, 13448), (13433, 13437), (13441, 13445), (13437, 13441), (13433, 13437), (13446, 13447), (13446, 13446), (13446, 13446), (13442, 13446), (13442, 13443), (13442, 13442), (13442, 13442), (13438, 13442), (13438, 13439), (13438, 13438), (13438, 13438), (13434, 13438), (13434, 13435), (13434, 13434), (13434,",
        "alg": 22,
        "opt": 18
    },
    "execution_time_mean": 0.0012980359606444836,
    "execution_time_std": 0.0,
    "num_valid_runs": 0,
    "num_invalid_runs": 1,
    "all_validation_errors": [
        "Not an interval, the first element is not to the left of the right one"
    ]
}