{
    "combined_score": 1.5,
    "public": {
        "competitive_ratio": 1.6666666666666667,
        "num_intervals": 5463,
        "intervals": "[(3775422, 3776172), (5653122, 5821872), (7285422, 7286172), (9163122, 9331872), (4116372, 4127622), (5585622, 5686872), (7626372, 7637622), (9095622, 9196872), (3977922, 3978672), (5788122, 5923122), (7487922, 7488672), (9298122, 9433122), (3846372, 3857622), (5484372, 5551872), (7356372, 7367622), (8994372, 9061872), (3766192, 3766242), (5597922, 5598672), (7276192, 7276242), (9107922, 9108672), (4107372, 4118622), (5736372, 5747622), (7617372, 7628622), (9246372, 9257622), (3968692, 3968742), (5867922, 5868672), (7478692, 7478742), (9377922, 9378672), (3837372, 3848622), (5533872, 5545122), (7347372, 7358622), (9043872, 9055122), (3793422, 3794172), (5588692, 5588742), (7303422, 7304172), (9098692, 9098742), (4125372, 4134372), (5727372, 5738622), (7635372, 7644372), (9237372, 9248622), (3995922, 3996672), (5858692, 5858742), (7505922, 7506672), (9368692, 9368742), (3855372, 3864372), (5524872, 5536122), (7365372, 7374372), (9034872, 9046122), (3784192, 3784242), (5615922, 5616672),",
        "alg": 15,
        "opt": 9
    },
    "execution_time_mean": 0.0100114899687469,
    "execution_time_std": 0.0,
    "num_valid_runs": 1,
    "num_invalid_runs": 0,
    "all_validation_errors": []
}