{
    "combined_score": 0,
    "public": {
        "competitive_ratio": 1.4285714285714286,
        "num_intervals": 9800,
        "intervals": "[(9966796, 9966797), (10148625, 10165500), (10371796, 10371797), (10553625, 10570500), (9967605, 9967680), (10135125, 10152000), (10372605, 10372680), (10540125, 10557000), (9968596, 9968597), (10162125, 10175625), (10373596, 10373597), (10567125, 10580625), (9969405, 9969480), (10125000, 10138500), (10374405, 10374480), (10530000, 10543500), (9966800, 9966801), (10128796, 10128797), (10371800, 10371801), (10533796, 10533797), (9967545, 9967620), (10129605, 10129680), (10372545, 10372620), (10534605, 10534680), (9968600, 9968601), (10130596, 10130597), (10373600, 10373601), (10535596, 10535597), (9969345, 9969420), (10131405, 10131480), (10374345, 10374420), (10536405, 10536480), (9966804, 9966805), (10128800, 10128801), (10371804, 10371805), (10533800, 10533801), (9967665, 9967725), (10129545, 10129620), (10372665, 10372725), (10534545, 10534620), (9968604, 9968605), (10130600, 10130601), (10373604, 10373605), (10535600, 10535601), (9969465, 9969525), (10131345, 10131420), (10374465, ",
        "alg": 20,
        "opt": 14
    },
    "execution_time_mean": 0.005193432327359915,
    "execution_time_std": 0.0,
    "num_valid_runs": 1,
    "num_invalid_runs": 0,
    "all_validation_errors": []
}