{
    "combined_score": 1.8,
    "public": {
        "competitive_ratio": 2.5714285714285716,
        "num_intervals": 9556,
        "intervals": "[(47491, 47492), (2679991, 2679992), (5312491, 5312492), (7944991, 7944992), (222991, 222992), (2855491, 2855492), (5487991, 5487992), (8120491, 8120492), (398491, 398492), (3030991, 3030992), (5663491, 5663492), (8295991, 8295992), (573991, 573992), (3206491, 3206492), (5838991, 5838992), (8471491, 8471492), (54241, 54242), (2686741, 2686742), (5319241, 5319242), (7951741, 7951742), (229741, 229742), (2862241, 2862242), (5494741, 5494742), (8127241, 8127242), (405241, 405242), (3037741, 3037742), (5670241, 5670242), (8302741, 8302742), (580741, 580742), (3213241, 3213242), (5845741, 5845742), (8478241, 8478242), (67741, 67742), (2700241, 2700242), (5332741, 5332742), (7965241, 7965242), (243241, 243242), (2875741, 2875742), (5508241, 5508242), (8140741, 8140742), (418741, 418742), (3051241, 3051242), (5683741, 5683742), (8316241, 8316242), (594241, 594242), (3226741, 3226742), (5859241, 5859242), (8491741, 8491742), (81241, 81242), (2713741, 2713742), (5346241, 5346242), (7978741, 797",
        "alg": 18,
        "opt": 7
    },
    "execution_time_mean": 0.005499734077602625,
    "execution_time_std": 0.0,
    "num_valid_runs": 1,
    "num_invalid_runs": 0,
    "all_validation_errors": []
}