{
    "combined_score": 0,
    "public": {
        "competitive_ratio": 1.8461538461538463,
        "num_intervals": 2472,
        "intervals": "[(145546, 145547), (145550, 145551), (145554, 145555), (145558, 145559), (145545, 145549), (145556, 145560), (145548, 145553), (145552, 145557), (145486, 145487), (145490, 145491), (145494, 145495), (145498, 145499), (145485, 145489), (145496, 145500), (145488, 145493), (145492, 145497), (145426, 145427), (145430, 145431), (145434, 145435), (145438, 145439), (145425, 145429), (145436, 145440), (145428, 145433), (145432, 145437), (145366, 145367), (145370, 145371), (145374, 145375), (145378, 145379), (145365, 145369), (145376, 145380), (145368, 145373), (145372, 145377), (145350, 145410), (145515, 145575), (145395, 145470), (145455, 145530), (146446, 146447), (146450, 146451), (146454, 146455), (146458, 146459), (146445, 146449), (146456, 146460), (146448, 146453), (146452, 146457), (146386, 146387), (146390, 146391), (146394, 146395), (146398, 146399), (146385, 146389), (146396, 146400), (146388, 146393), (146392, 146397), (146326, 146327), (146330, 146331), (146334, 146335), (146338, ",
        "alg": 24,
        "opt": 13
    },
    "execution_time_mean": 0.0028300252743065357,
    "execution_time_std": 0.0,
    "num_valid_runs": 1,
    "num_invalid_runs": 0,
    "all_validation_errors": []
}