{
    "combined_score": 1.1666666666666667,
    "public": {
        "num_intervals": 44,
        "intervals": "[(6, 8), (22, 24), (4, 12), (18, 26), (10, 16), (14, 20), (50, 52), (46, 54), (40, 44), (42, 48), (4, 30), (36, 56), (28, 34), (32, 38), (88, 90), (84, 92), (78, 82), (80, 86), (74, 94), (68, 72), (70, 76), (0, 58), (64, 94), (56, 62), (60, 66), (136, 138), (132, 140), (126, 130), (128, 134), (122, 142), (116, 120), (118, 124), (112, 142), (106, 110), (108, 114), (94, 98), (104, 144), (96, 102), (100, 142), (0, 2), (0, 2), (0, 2), (0, 2), (0, 2)]",
        "alg": 7,
        "opt": 6
    },
    "execution_time_mean": 8.232850780710578,
    "execution_time_std": 0.0,
    "num_valid_runs": 1,
    "num_invalid_runs": 0,
    "all_validation_errors": []
}