{
    "combined_score": 0,
    "public": {
        "competitive_ratio": 2.090909090909091,
        "num_intervals": 9800,
        "intervals": "[(4639291, 4639292), (13751791, 13751792), (10714291, 10714292), (7676791, 7676792), (4841791, 4841792), (13954291, 13954292), (10916791, 10916792), (7879291, 7879292), (5044291, 5044292), (14156791, 14156792), (11119291, 11119292), (8081791, 8081792), (5246791, 5246792), (14359291, 14359292), (11321791, 11321792), (8284291, 8284292), (4625791, 4625792), (13738291, 13738292), (10700791, 10700792), (7663291, 7663292), (4828291, 4828292), (13940791, 13940792), (10903291, 10903292), (7865791, 7865792), (5030791, 5030792), (14143291, 14143292), (11105791, 11105792), (8068291, 8068292), (5233291, 5233292), (14345791, 14345792), (11308291, 11308292), (8270791, 8270792), (4612291, 4612292), (13724791, 13724792), (10687291, 10687292), (7649791, 7649792), (4814791, 4814792), (13927291, 13927292), (10889791, 10889792), (7852291, 7852292), (5017291, 5017292), (14129791, 14129792), (11092291, 11092292), (8054791, 8054792), (5219791, 5219792), (14332291, 14332292), (11294791, 11294792), (8257291, 8",
        "alg": 23,
        "opt": 11
    },
    "execution_time_mean": 0.007655743043869734,
    "execution_time_std": 0.0,
    "num_valid_runs": 1,
    "num_invalid_runs": 0,
    "all_validation_errors": []
}