{
    "combined_score": 0,
    "public": {
        "competitive_ratio": 1.0909090909090908,
        "num_intervals": 56088,
        "intervals": "[(64741950.0, 65427453.0), (64970451.0, 65655954.0), (65482462.5, 66540337.5), (67069275.0, 68127150.0), (65165100.0, 66222975.0), (66646125.0, 67704000.0), (64741950.0, 65799825.0), (68452650.0, 68517750.0), (68371275.0, 68436375.0), (68420100.0, 68485200.0), (68338725.0, 68403825.0), (68407622.5, 68413047.5), (68411420.0, 68416845.0), (68407080.0, 68412505.0), (68415760.0, 68420100.0), (68403825.0, 68408165.0), (68407002.5, 68407016.45), (68407007.15, 68407021.1), (68407022.5, 68407047.5), (68407040.0, 68407065.0), (68407020.0, 68407045.0), (68407060.0, 68407080.0), (68407005.0, 68407025.0), (68407070.0, 68407071.0), (68407072.0, 68407073.0), (68407074.0, 68407075.0), (68407070.3, 68407071.2), (68407070.0, 68407070.9), (68407052.75, 68407071.25), (68407054.0, 68407055.0), (68407052.0, 68407053.0), (68407050.0, 68407051.0), (68407050.3, 68407051.2), (68407050.0, 68407050.9), (68407032.75, 68407051.25), (68407030.0, 68407031.0), (68407032.0, 68407033.0), (68407034.0, 68407035.0), (6840",
        "alg": 24,
        "opt": 22
    },
    "execution_time_mean": 0.01269454788416624,
    "execution_time_std": 0.0,
    "num_valid_runs": 0,
    "num_invalid_runs": 1,
    "all_validation_errors": [
        "Length 56088 exceeds the max limit of 10000 intervals"
    ]
}