{
    "combined_score": 1.8,
    "public": {
        "competitive_ratio": 2.5714285714285716,
        "num_intervals": 9556,
        "intervals": "[(705616, 705617), (705620, 705621), (705624, 705625), (705628, 705629), (705615, 705619), (705626, 705630), (705618, 705623), (705622, 705627), (705676, 705677), (705680, 705681), (705684, 705685), (705688, 705689), (705675, 705679), (705686, 705690), (705678, 705683), (705682, 705687), (705736, 705737), (705740, 705741), (705744, 705745), (705748, 705749), (705735, 705739), (705746, 705750), (705738, 705743), (705742, 705747), (705796, 705797), (705800, 705801), (705804, 705805), (705808, 705809), (705795, 705799), (705806, 705810), (705798, 705803), (705802, 705807), (705600, 705660), (705765, 705825), (705645, 705720), (705705, 705780), (706516, 706517), (706520, 706521), (706524, 706525), (706528, 706529), (706515, 706519), (706526, 706530), (706518, 706523), (706522, 706527), (706576, 706577), (706580, 706581), (706584, 706585), (706588, 706589), (706575, 706579), (706586, 706590), (706578, 706583), (706582, 706587), (706636, 706637), (706640, 706641), (706644, 706645), (706648, ",
        "alg": 18,
        "opt": 7
    },
    "execution_time_mean": 0.005329712759703398,
    "execution_time_std": 0.0,
    "num_valid_runs": 1,
    "num_invalid_runs": 0,
    "all_validation_errors": []
}