{
    "combined_score": 1.4000000000000001,
    "public": {
        "competitive_ratio": 1.75,
        "num_intervals": 9800,
        "intervals": "[(7384921, 7384922), (7536796, 7536797), (7688671, 7688672), (7840546, 7840547), (7385821, 7385822), (7537696, 7537697), (7689571, 7689572), (7841446, 7841447), (7386721, 7386722), (7538596, 7538597), (7690471, 7690472), (7842346, 7842347), (7387621, 7387622), (7539496, 7539497), (7691371, 7691372), (7843246, 7843247), (7384861, 7384862), (7536736, 7536737), (7688611, 7688612), (7840486, 7840487), (7385761, 7385762), (7537636, 7537637), (7689511, 7689512), (7841386, 7841387), (7386661, 7386662), (7538536, 7538537), (7690411, 7690412), (7842286, 7842287), (7387561, 7387562), (7539436, 7539437), (7691311, 7691312), (7843186, 7843187), (7384801, 7384802), (7536676, 7536677), (7688551, 7688552), (7840426, 7840427), (7385701, 7385702), (7537576, 7537577), (7689451, 7689452), (7841326, 7841327), (7386601, 7386602), (7538476, 7538477), (7690351, 7690352), (7842226, 7842227), (7387501, 7387502), (7539376, 7539377), (7691251, 7691252), (7843126, 7843127), (7384741, 7384742), (7536616, 7536617),",
        "alg": 14,
        "opt": 8
    },
    "execution_time_mean": 0.005758694373071194,
    "execution_time_std": 0.0,
    "num_valid_runs": 1,
    "num_invalid_runs": 0,
    "all_validation_errors": []
}