{
    "combined_score": 0.9,
    "public": {
        "competitive_ratio": 1.125,
        "num_intervals": 510,
        "intervals": "[(9249989.1, 9250010.9), (10249975.7125, 10250024.2875), (10249952.975, 10250047.025), (11249976.6375, 11250023.3625), (11249931.36875, 11250068.63125), (11249928.225, 11250071.775), (12249978.0, 12250022.0), (13249940.925, 13250059.075), (13249928.46875, 13250071.53125), (14249947.35, 14250052.65), (14249901.175, 14250098.825), (14249918.625, 14250081.375), (15249953.5875, 15250046.4125), (16249917.075, 16250082.925), (16249906.4, 16250093.6), (17249895.75, 17250104.25), (17249888.1375, 17250111.8625), (17249837.525, 17250162.475), (18249892.76875, 18250107.23125), (19249873.1625, 19250126.8375), (19249841.01875, 19250158.98125), (20249866.8375, 20250133.1625), (20249872.6, 20250127.4), (20249892.2375, 20250107.7625), (21249866.7, 21250133.3), (22249873.96875, 22250126.03125), (22249841.825, 22250158.175), (23249834.175, 23250165.825), (23249898.65625, 23250101.34375), (23249857.2, 23250142.8), (24249876.0375, 24250123.9625), (25249840.4, 25250159.6), (25249805.88125, 25250194.11875),",
        "alg": 9,
        "opt": 8
    },
    "execution_time_mean": 0.0011294051073491573,
    "execution_time_std": 0.0,
    "num_valid_runs": 1,
    "num_invalid_runs": 0,
    "all_validation_errors": []
}