{
    "combined_score": 0,
    "public": {
        "competitive_ratio": 1.0,
        "num_intervals": 1317,
        "intervals": "[(6322.19875, 6322.44875), (22095.517499999998, 22119.378749999996), (37007.76625, 37008.01625), (8150.598749999999, 8152.17375), (21300.142499999998, 21324.003749999996), (38836.16625, 38837.74125), (4731.44875, 4731.69875), (20107.079999999998, 20130.94125), (35417.01625, 35417.26625), (6436.15875, 6436.26375), (23479.469999999998, 24115.769999999997), (37121.72625, 37121.83125), (8071.848749999999, 8073.42375), (23423.793749999997, 24060.09375), (38757.41625, 38758.99125), (4845.40875, 4845.51375), (23368.1175, 24004.4175), (35530.97625, 35531.08125), (6532.19875, 6532.44875), (23312.441249999996, 23948.74125), (37217.76625, 37218.01625), (7993.098749999999, 7994.67375), (21888.719999999998, 22525.019999999997), (38678.66625, 38680.24125), (4941.44875, 4941.69875), (21833.043749999997, 22469.343749999996), (35627.01625, 35627.26625), (6646.15875, 6646.26375), (21777.367499999997, 22413.6675), (37331.72625, 37331.83125), (8031.94875, 8085.76125), (21721.691249999996, 22357.99125), (3",
        "alg": 18,
        "opt": 18
    },
    "execution_time_mean": 0.0005243089981377125,
    "execution_time_std": 0.0,
    "num_valid_runs": 1,
    "num_invalid_runs": 0,
    "all_validation_errors": []
}