{
    "combined_score": 1.1,
    "public": {
        "competitive_ratio": 1.8333333333333333,
        "num_intervals": 152,
        "intervals": "[(3796, 3801), (4599, 4674), (5596, 5601), (6399, 6474), (3730, 3731), (4539, 4614), (5530, 5531), (6339, 6414), (3676, 3681), (4659, 4719), (5476, 5481), (6459, 6519), (3610, 3611), (4494, 4554), (5410, 5411), (6294, 6354), (3792, 3797), (4516, 4521), (5592, 5597), (6316, 6321), (3734, 3735), (4570, 4571), (5534, 5535), (6370, 6371), (3672, 3677), (4636, 4641), (5472, 5477), (6436, 6441), (3614, 3615), (4690, 4691), (5414, 5415), (6490, 6491), (3800, 3804), (4512, 4517), (5600, 5604), (6312, 6317), (3738, 3739), (4574, 4575), (5538, 5539), (6374, 6375), (3680, 3684), (4632, 4637), (5480, 5484), (6432, 6437), (3618, 3619), (4694, 4695), (5418, 5419), (6494, 6495), (3789, 3793), (4520, 4524), (5589, 5593), (6320, 6324), (3742, 3743), (4578, 4579), (5542, 5543), (6378, 6379), (3669, 3673), (4640, 4644), (5469, 5473), (6440, 6444), (3622, 3623), (4698, 4699), (5422, 5423), (6498, 6499), (3802, 3803), (4509, 4513), (5602, 5603), (6309, 6313), (3729, 3733), (4582, 4583), (5529, 5533), (6382",
        "alg": 11,
        "opt": 6
    },
    "execution_time_mean": 0.00014402670785784721,
    "execution_time_std": 0.0,
    "num_valid_runs": 1,
    "num_invalid_runs": 0,
    "all_validation_errors": []
}