{
    "combined_score": 1.6,
    "public": {
        "competitive_ratio": 1.7777777777777777,
        "num_intervals": 9560,
        "intervals": "[(1873125, 2126250), (1670625, 1923750), (2075625, 2278125), (1518750, 1721250), (2181825, 2182950), (1998000, 2014875), (1776825, 1777950), (1593000, 1609875), (2180925, 2182050), (1984500, 2001375), (1775925, 1777050), (1579500, 1596375), (2182725, 2183625), (2011500, 2025000), (1777725, 1778625), (1606500, 1620000), (2180250, 2181150), (1974375, 1987875), (1775250, 1776150), (1569375, 1582875), (2183197, 2183202), (2019825, 2020950), (1778197, 1778202), (1614825, 1615950), (2182380, 2182455), (2018925, 2020050), (1777380, 1777455), (1613925, 1615050), (2181397, 2181402), (2020725, 2021625), (1776397, 1776402), (1615725, 1616625), (2180580, 2180655), (2018250, 2019150), (1775580, 1775655), (1613250, 1614150), (2183193, 2183198), (2021197, 2021202), (1778193, 1778198), (1616197, 1616202), (2182320, 2182395), (2020380, 2020455), (1777320, 1777395), (1615380, 1615455), (2181393, 2181398), (2019397, 2019402), (1776393, 1776398), (1614397, 1614402), (2180520, 2180595), (2018580, 2018655),",
        "alg": 16,
        "opt": 9
    },
    "execution_time_mean": 0.007963156793266535,
    "execution_time_std": 0.0,
    "num_valid_runs": 1,
    "num_invalid_runs": 0,
    "all_validation_errors": []
}