{
    "combined_score": 0,
    "public": {
        "competitive_ratio": 1.1578947368421053,
        "num_intervals": 15835,
        "intervals": "[(8807906.25, 9136968.75), (6005418.75, 6007106.25), (3542906.25, 3871968.75), (740418.75, 742106.25), (8632406.25, 8961468.75), (6167812.5, 6181312.5), (3367406.25, 3696468.75), (902812.5, 916312.5), (8972437.5, 9147937.5), (6356418.75, 6358106.25), (3707437.5, 3882937.5), (1091418.75, 1093106.25), (8796937.5, 8972437.5), (6518812.5, 6532312.5), (3531937.5, 3707437.5), (1253812.5, 1267312.5), (8621437.5, 8796937.5), (5991050.75, 5991058.25), (3356437.5, 3531937.5), (726050.75, 726058.25), (8862750, 9082125), (6154312.5, 6167812.5), (3597750, 3817125), (889312.5, 902812.5), (8687250, 8906625), (6342050.75, 6342058.25), (3422250, 3641625), (1077050.75, 1077058.25), (9038250, 9213750), (6505312.5, 6518812.5), (3773250, 3948750), (1240312.5, 1253812.5), (8555625, 8731125), (5978418.75, 5980106.25), (3290625, 3466125), (713418.75, 715106.25), (9164418.75, 9166106.25), (6147562.5, 6154312.5), (3899418.75, 3901106.25), (882562.5, 889312.5), (8975812.5, 8989312.5), (6329418.75, 6331106.25), (",
        "alg": 22,
        "opt": 19
    },
    "execution_time_mean": 0.013438641093671322,
    "execution_time_std": 0.0,
    "num_valid_runs": 0,
    "num_invalid_runs": 1,
    "all_validation_errors": [
        "Length 15835 exceeds the max limit of 10000 intervals"
    ]
}