{
    "combined_score": 1.9000000000000001,
    "public": {
        "competitive_ratio": 2.7142857142857144,
        "num_intervals": 9556,
        "intervals": "[(1572991, 1572992), (1572995, 1572996), (1572999, 1573000), (1573003, 1573004), (1572990, 1572994), (1573001, 1573005), (1572993, 1572998), (1572997, 1573002), (1573051, 1573052), (1573055, 1573056), (1573059, 1573060), (1573063, 1573064), (1573050, 1573054), (1573061, 1573065), (1573053, 1573058), (1573057, 1573062), (1573111, 1573112), (1573115, 1573116), (1573119, 1573120), (1573123, 1573124), (1573110, 1573114), (1573121, 1573125), (1573113, 1573118), (1573117, 1573122), (1573171, 1573172), (1573175, 1573176), (1573179, 1573180), (1573183, 1573184), (1573170, 1573174), (1573181, 1573185), (1573173, 1573178), (1573177, 1573182), (1572975, 1573035), (1573140, 1573200), (1573020, 1573095), (1573080, 1573155), (1573891, 1573892), (1573895, 1573896), (1573899, 1573900), (1573903, 1573904), (1573890, 1573894), (1573901, 1573905), (1573893, 1573898), (1573897, 1573902), (1573951, 1573952), (1573955, 1573956), (1573959, 1573960), (1573963, 1573964), (1573950, 1573954), (1573961, 1573965),",
        "alg": 19,
        "opt": 7
    },
    "execution_time_mean": 0.0037296577356755733,
    "execution_time_std": 0.0,
    "num_valid_runs": 1,
    "num_invalid_runs": 0,
    "all_validation_errors": []
}