{
    "combined_score": 1.3,
    "public": {
        "competitive_ratio": 1.8571428571428572,
        "num_intervals": 9556,
        "intervals": "[(1572991, 1572992), (1572995, 1572996), (1572999, 1573000), (1573003, 1573004), (1572990, 1572994), (1573001, 1573005), (1572993, 1572998), (1572997, 1573002), (1573057, 1573062), (1573053, 1573058), (1573061, 1573065), (1573050, 1573054), (1573063, 1573064), (1573059, 1573060), (1573055, 1573056), (1573051, 1573052), (1573111, 1573112), (1573115, 1573116), (1573119, 1573120), (1573123, 1573124), (1573110, 1573114), (1573121, 1573125), (1573113, 1573118), (1573117, 1573122), (1573177, 1573182), (1573173, 1573178), (1573181, 1573185), (1573170, 1573174), (1573183, 1573184), (1573179, 1573180), (1573175, 1573176), (1573171, 1573172), (1572975, 1573035), (1573140, 1573200), (1573020, 1573095), (1573080, 1573155), (1573980, 1574055), (1573920, 1573995), (1574040, 1574100), (1573875, 1573935), (1574071, 1574072), (1574075, 1574076), (1574079, 1574080), (1574083, 1574084), (1574070, 1574074), (1574081, 1574085), (1574073, 1574078), (1574077, 1574082), (1574017, 1574022), (1574013, 1574018),",
        "alg": 13,
        "opt": 7
    },
    "execution_time_mean": 0.004523253068327904,
    "execution_time_std": 0.0,
    "num_valid_runs": 1,
    "num_invalid_runs": 0,
    "all_validation_errors": []
}