{
    "combined_score": 0,
    "public": {
        "competitive_ratio": 1.5714285714285714,
        "num_intervals": 3826,
        "intervals": "[(713836, 713837), (106336, 106337), (308836, 308837), (410086, 410087), (511336, 511337), (714286, 714287), (106786, 106787), (309286, 309287), (410536, 410537), (511786, 511787), (715186, 715187), (107686, 107687), (310186, 310187), (411436, 411437), (512686, 512687), (712486, 712487), (104986, 104987), (307486, 307487), (408736, 408737), (509986, 509987), (713386, 713387), (105886, 105887), (308386, 308387), (409636, 409637), (510886, 510887), (713840, 713841), (106340, 106341), (308840, 308841), (410090, 410091), (511340, 511341), (714290, 714291), (106790, 106791), (309290, 309291), (410540, 410541), (511790, 511791), (715190, 715191), (107690, 107691), (310190, 310191), (411440, 411441), (512690, 512691), (712490, 712491), (104990, 104991), (307490, 307491), (408740, 408741), (509990, 509991), (713390, 713391), (105890, 105891), (308390, 308391), (409640, 409641), (510890, 510891), (713844, 713845), (106344, 106345), (308844, 308845), (410094, 410095), (511344, 511345), (714294, ",
        "alg": 22,
        "opt": 14
    },
    "execution_time_mean": 0.0038391179405152798,
    "execution_time_std": 0.0,
    "num_valid_runs": 1,
    "num_invalid_runs": 0,
    "all_validation_errors": []
}