{
    "combined_score": 0,
    "public": {
        "competitive_ratio": 1.4166666666666667,
        "num_intervals": 3150,
        "intervals": "[(266581, 266582), (528725, 528726), (790869, 790870), (135509, 135510), (282965, 282966), (545109, 545110), (807253, 807254), (151893, 151894), (299349, 299350), (561493, 561494), (823637, 823638), (168277, 168278), (315733, 315734), (577877, 577878), (840021, 840022), (184661, 184662), (269653, 269654), (531797, 531798), (793941, 793942), (138581, 138582), (286037, 286038), (548181, 548182), (810325, 810326), (154965, 154966), (302421, 302422), (564565, 564566), (826709, 826710), (171349, 171350), (318805, 318806), (580949, 580950), (843093, 843094), (187733, 187734), (268629, 268630), (530773, 530774), (792917, 792918), (137557, 137558), (285013, 285014), (547157, 547158), (809301, 809302), (153941, 153942), (301397, 301398), (563541, 563542), (825685, 825686), (170325, 170326), (317781, 317782), (579925, 579926), (842069, 842070), (186709, 186710), (267605, 267606), (529749, 529750), (791893, 791894), (136533, 136534), (283989, 283990), (546133, 546134), (808277, 808278), (152917, ",
        "alg": 34,
        "opt": 24
    },
    "execution_time_mean": 0.004561761859804392,
    "execution_time_std": 0.0,
    "num_valid_runs": 1,
    "num_invalid_runs": 0,
    "all_validation_errors": []
}