{
    "combined_score": 0,
    "public": {
        "competitive_ratio": 1.0952380952380953,
        "num_intervals": 2158,
        "intervals": "[(30982, 30983), (40677, 40703), (51982, 51983), (61677, 61703), (72982, 72983), (9982, 9983), (19677, 19703), (30621, 30623), (40656, 40682), (51621, 51623), (61656, 61682), (72621, 72623), (9621, 9623), (19656, 19682), (30142, 30143), (40698, 40719), (51142, 51143), (61698, 61719), (72142, 72143), (9142, 9143), (19698, 19719), (29781, 29783), (40640, 40661), (50781, 50783), (61640, 61661), (71781, 71783), (8781, 8783), (19640, 19661), (29302, 29303), (41548, 41743), (50302, 50303), (62548, 62743), (71302, 71303), (8302, 8303), (20548, 20743), (28941, 28943), (41522, 41716), (49941, 49943), (62522, 62716), (70941, 70943), (7941, 7943), (20522, 20716), (31461, 31463), (41496, 41690), (52461, 52463), (62496, 62690), (73461, 73463), (10461, 10463), (20496, 20690), (31016, 31017), (41128, 41323), (52016, 52017), (62128, 62323), (73016, 73017), (10016, 10017), (20128, 20323), (30619, 30621), (41102, 41296), (51619, 51621), (62102, 62296), (72619, 72621), (9619, 9621), (20102, 20296), (3017",
        "alg": 23,
        "opt": 21
    },
    "execution_time_mean": 0.003894990775734186,
    "execution_time_std": 0.0,
    "num_valid_runs": 1,
    "num_invalid_runs": 0,
    "all_validation_errors": []
}