{
    "combined_score": 1.3,
    "public": {
        "competitive_ratio": 1.8571428571428572,
        "num_intervals": 9556,
        "intervals": "[(8862750, 9082125), (6005700, 6006825), (3597750, 3817125), (740700, 741825), (8687250, 8906625), (6159375, 6176250), (3422250, 3641625), (894375, 911250), (9038250, 9213750), (6356700, 6357825), (3773250, 3948750), (1091700, 1092825), (8555625, 8731125), (6510375, 6527250), (3290625, 3466125), (1245375, 1262250), (9164700, 9165825), (5991052, 5991057), (3899700, 3900825), (726052, 726057), (8967375, 8984250), (6152625, 6162750), (3702375, 3719250), (887625, 897750), (8813700, 8814825), (6342052, 6342057), (3548700, 3549825), (1077052, 1077057), (8616375, 8633250), (6503625, 6513750), (3351375, 3368250), (1238625, 1248750), (9150052, 9150057), (5978700, 5979825), (3885052, 3885057), (713700, 714825), (8960625, 8970750), (6172875, 6186375), (3695625, 3705750), (907875, 921375), (8799052, 8799057), (6329700, 6330825), (3534052, 3534057), (1064700, 1065825), (8609625, 8619750), (6523875, 6537375), (3344625, 3354750), (1258875, 1272375), (9137700, 9138825), (5970802, 5970807), (3872700, 3",
        "alg": 13,
        "opt": 7
    },
    "execution_time_mean": 0.006419038865715265,
    "execution_time_std": 0.0,
    "num_valid_runs": 1,
    "num_invalid_runs": 0,
    "all_validation_errors": []
}