{
    "combined_score": 2.1,
    "public": {
        "competitive_ratio": 2.3333333333333335,
        "num_intervals": 9560,
        "intervals": "[(10577485, 10577486), (10577489, 10577490), (10577493, 10577494), (10577497, 10577498), (10577484, 10577488), (10577495, 10577499), (10577487, 10577492), (10577491, 10577496), (10577545, 10577546), (10577549, 10577550), (10577553, 10577554), (10577557, 10577558), (10577544, 10577548), (10577555, 10577559), (10577547, 10577552), (10577551, 10577556), (10577605, 10577606), (10577609, 10577610), (10577613, 10577614), (10577617, 10577618), (10577604, 10577608), (10577615, 10577619), (10577607, 10577612), (10577611, 10577616), (10577665, 10577666), (10577669, 10577670), (10577673, 10577674), (10577677, 10577678), (10577664, 10577668), (10577675, 10577679), (10577667, 10577672), (10577671, 10577676), (10577469, 10577529), (10577634, 10577694), (10577514, 10577589), (10577574, 10577649), (10578385, 10578386), (10578389, 10578390), (10578393, 10578394), (10578397, 10578398), (10578384, 10578388), (10578395, 10578399), (10578387, 10578392), (10578391, 10578396), (10578445, 10578446), (10578449",
        "alg": 21,
        "opt": 9
    },
    "execution_time_mean": 0.015107668936252594,
    "execution_time_std": 0.0,
    "num_valid_runs": 1,
    "num_invalid_runs": 0,
    "all_validation_errors": []
}