{
    "combined_score": 0,
    "public": {
        "competitive_ratio": 1.9090909090909092,
        "num_intervals": 9800,
        "intervals": "[(11295646, 11295647), (11525146, 11525147), (11754646, 11754647), (11984146, 11984147), (11296096, 11296097), (11525596, 11525597), (11755096, 11755097), (11984596, 11984597), (11296996, 11296997), (11526496, 11526497), (11755996, 11755997), (11985496, 11985497), (11297896, 11297897), (11527396, 11527397), (11756896, 11756897), (11986396, 11986397), (11295650, 11295651), (11525150, 11525151), (11754650, 11754651), (11984150, 11984151), (11296100, 11296101), (11525600, 11525601), (11755100, 11755101), (11984600, 11984601), (11297000, 11297001), (11526500, 11526501), (11756000, 11756001), (11985500, 11985501), (11297900, 11297901), (11527400, 11527401), (11756900, 11756901), (11986400, 11986401), (11295654, 11295655), (11525154, 11525155), (11754654, 11754655), (11984154, 11984155), (11296104, 11296105), (11525604, 11525605), (11755104, 11755105), (11984604, 11984605), (11297004, 11297005), (11526504, 11526505), (11756004, 11756005), (11985504, 11985505), (11297904, 11297905), (11527404",
        "alg": 21,
        "opt": 11
    },
    "execution_time_mean": 0.006474121008068323,
    "execution_time_std": 0.0,
    "num_valid_runs": 1,
    "num_invalid_runs": 0,
    "all_validation_errors": []
}