{
    "combined_score": 0,
    "public": {
        "competitive_ratio": 1.9230769230769231,
        "num_intervals": 10921,
        "intervals": "[(18608354, 18608355), (18942438, 18942439), (19276522, 19276523), (19610606, 19610607), (18609510, 18609511), (18943594, 18943595), (19277678, 19277679), (19611762, 19611763), (18606042, 18606043), (18940126, 18940127), (19274210, 19274211), (19608294, 19608295), (18607198, 18607199), (18941282, 18941283), (19275366, 19275367), (19609450, 19609451), (18608358, 18608359), (18942442, 18942443), (19276526, 19276527), (19610610, 19610611), (18609514, 18609515), (18943598, 18943599), (19277682, 19277683), (19611766, 19611767), (18606046, 18606047), (18940130, 18940131), (19274214, 19274215), (19608298, 19608299), (18607202, 18607203), (18941286, 18941287), (19275370, 19275371), (19609454, 19609455), (18608362, 18608363), (18942446, 18942447), (19276530, 19276531), (19610614, 19610615), (18609518, 18609519), (18943602, 18943603), (19277686, 19277687), (19611770, 19611771), (18606050, 18606051), (18940134, 18940135), (19274218, 19274219), (19608302, 19608303), (18607206, 18607207), (18941290",
        "alg": 25,
        "opt": 13
    },
    "execution_time_mean": 0.0037516048178076744,
    "execution_time_std": 0.0,
    "num_valid_runs": 0,
    "num_invalid_runs": 1,
    "all_validation_errors": [
        "Length 10921 exceeds the max limit of 10000 intervals"
    ]
}