{
    "combined_score": 0,
    "public": {
        "competitive_ratio": 1.7857142857142858,
        "num_intervals": 16361,
        "intervals": "[(3031459, 3031460), (9628887, 9628888), (16226315, 16226316), (22823743, 22823744), (2643375, 2643376), (9240803, 9240804), (15838231, 15838232), (22435659, 22435660), (2255291, 2255292), (8852719, 8852720), (15450147, 15450148), (22047575, 22047576), (1867207, 1867208), (8464635, 8464636), (15062063, 15062064), (21659491, 21659492), (3052143, 3052144), (9649571, 9649572), (16246999, 16247000), (22844427, 22844428), (2664059, 2664060), (9261487, 9261488), (15858915, 15858916), (22456343, 22456344), (2275975, 2275976), (8873403, 8873404), (15470831, 15470832), (22068259, 22068260), (1887891, 1887892), (8485319, 8485320), (15082747, 15082748), (21680175, 21680176), (3072827, 3072828), (9670255, 9670256), (16267683, 16267684), (22865111, 22865112), (2684743, 2684744), (9282171, 9282172), (15879599, 15879600), (22477027, 22477028), (2296659, 2296660), (8894087, 8894088), (15491515, 15491516), (22088943, 22088944), (1908575, 1908576), (8506003, 8506004), (15103431, 15103432), (21700859, 21",
        "alg": 25,
        "opt": 14
    },
    "execution_time_mean": 0.010642488021403551,
    "execution_time_std": 0.0,
    "num_valid_runs": 0,
    "num_invalid_runs": 1,
    "all_validation_errors": [
        "Length 16361 exceeds the max limit of 10000 intervals"
    ]
}