{
    "combined_score": 0.7000000000000001,
    "public": {
        "competitive_ratio": 1.1666666666666667,
        "num_intervals": 9800,
        "intervals": "[(346936, 346937), (578464, 578465), (874360, 874361), (1059394, 1059395), (1401784, 1401785), (1633312, 1633313), (1929208, 1929209), (338112, 338113), (527424, 527425), (865536, 865537), (1107510, 1107511), (1392960, 1392961), (1582272, 1582273), (1920384, 1920385), (321504, 321505), (582804, 582805), (848928, 848929), (1058138, 1058139), (1376352, 1376353), (1637652, 1637653), (1903776, 1903777), (308218, 308219), (529142, 529147), (835642, 835643), (1105884, 1105885), (1363066, 1363067), (1583990, 1583995), (1890490, 1890491), (296072, 296073), (578460, 578461), (823496, 823497), (1056566, 1056571), (1350920, 1350921), (1633308, 1633309), (1878344, 1878345), (287248, 287249), (530714, 530715), (814672, 814673), (1110228, 1110229), (1342096, 1342097), (1585562, 1585563), (1869520, 1869521), (270640, 270641), (580086, 580087), (798064, 798065), (1054848, 1054849), (1325488, 1325489), (1634934, 1634935), (1852912, 1852913), (347602, 347603), (531970, 531971), (875026, 875027), (110588",
        "alg": 7,
        "opt": 6
    },
    "execution_time_mean": 0.005665988195687532,
    "execution_time_std": 0.0,
    "num_valid_runs": 1,
    "num_invalid_runs": 0,
    "all_validation_errors": []
}