{
    "combined_score": 1.5,
    "public": {
        "competitive_ratio": 1.6666666666666667,
        "num_intervals": 9800,
        "intervals": "[(852737, 852738), (1067520, 1086720), (1252097, 1252098), (1466880, 1486080), (853792, 853872), (1059840, 1071360), (1253152, 1253232), (1459200, 1470720), (854657, 854658), (1082880, 1098240), (1254017, 1254018), (1482240, 1497600), (855712, 855792), (1048320, 1056000), (1255072, 1255152), (1447680, 1455360), (852741, 852742), (1090817, 1090818), (1252101, 1252102), (1490177, 1490178), (853728, 853808), (1091872, 1091952), (1253088, 1253168), (1491232, 1491312), (854661, 854662), (1092737, 1092738), (1254021, 1254022), (1492097, 1492098), (855648, 855728), (1093792, 1093872), (1255008, 1255088), (1493152, 1493232), (852745, 852746), (1090821, 1090822), (1252105, 1252106), (1490181, 1490182), (853856, 853920), (1091808, 1091888), (1253216, 1253280), (1491168, 1491248), (854665, 854666), (1092741, 1092742), (1254025, 1254026), (1492101, 1492102), (855776, 855840), (1093728, 1093808), (1255136, 1255200), (1493088, 1493168), (852749, 852750), (1090825, 1090826), (1252109, 1252110), (1490",
        "alg": 15,
        "opt": 9
    },
    "execution_time_mean": 0.006949016824364662,
    "execution_time_std": 0.0,
    "num_valid_runs": 1,
    "num_invalid_runs": 0,
    "all_validation_errors": []
}