{
    "combined_score": 2.2,
    "public": {
        "competitive_ratio": 2.4444444444444446,
        "num_intervals": 9633,
        "intervals": "[(10726171, 10726172), (10928671, 10928672), (11131171, 11131172), (11333671, 11333672), (10727071, 10727072), (10929571, 10929572), (11132071, 11132072), (11334571, 11334572), (10727971, 10727972), (10930471, 10930472), (11132971, 11132972), (11335471, 11335472), (10728871, 10728872), (10931371, 10931372), (11133871, 11133872), (11336371, 11336372), (10726175, 10726176), (10928675, 10928676), (11131175, 11131176), (11333675, 11333676), (10727075, 10727076), (10929575, 10929576), (11132075, 11132076), (11334575, 11334576), (10727975, 10727976), (10930475, 10930476), (11132975, 11132976), (11335475, 11335476), (10728875, 10728876), (10931375, 10931376), (11133875, 11133876), (11336375, 11336376), (10726179, 10726180), (10928679, 10928680), (11131179, 11131180), (11333679, 11333680), (10727079, 10727080), (10929579, 10929580), (11132079, 11132080), (11334579, 11334580), (10727979, 10727980), (10930479, 10930480), (11132979, 11132980), (11335479, 11335480), (10728879, 10728880), (10931379",
        "alg": 22,
        "opt": 9
    },
    "execution_time_mean": 0.005340802948921919,
    "execution_time_std": 0.0,
    "num_valid_runs": 1,
    "num_invalid_runs": 0,
    "all_validation_errors": []
}