{
    "combined_score": 1.2000000000000002,
    "public": {
        "competitive_ratio": 1.7142857142857142,
        "num_intervals": 612,
        "intervals": "[(15642, 15643), (35280, 36405), (56090, 56091), (75728, 76853), (16511, 16586), (34548, 37920), (56959, 57034), (74996, 78368), (13842, 13843), (34380, 35505), (54290, 54291), (74828, 75953), (14711, 14786), (32022, 35394), (55159, 55234), (72470, 75842), (15588, 15593), (36180, 37080), (56036, 56041), (76628, 77528), (16451, 16526), (36234, 40449), (56899, 56974), (76682, 80897), (13788, 13793), (33705, 34605), (54236, 54241), (74153, 75053), (14651, 14726), (30336, 34551), (55099, 55174), (70784, 74999), (15522, 15523), (34966, 34967), (55970, 55971), (75414, 75415), (16571, 16631), (34035, 34110), (57019, 57079), (74483, 74558), (13722, 13723), (36766, 36767), (54170, 54171), (77214, 77215), (14771, 14831), (35835, 35910), (55219, 55279), (76283, 76358), (15708, 15713), (34912, 34917), (56156, 56161), (75360, 75365), (16406, 16466), (33975, 34050), (56854, 56914), (74423, 74498), (13908, 13913), (36712, 36717), (54356, 54361), (77160, 77165), (14606, 14666), (35775, 35850), (55054,",
        "alg": 12,
        "opt": 7
    },
    "execution_time_mean": 0.0006590429693460464,
    "execution_time_std": 0.0,
    "num_valid_runs": 1,
    "num_invalid_runs": 0,
    "all_validation_errors": []
}