{
    "combined_score": 1.1,
    "public": {
        "competitive_ratio": 1.1,
        "num_intervals": 469,
        "intervals": "[(11974.619999999999, 11980.78), (11396.7, 17425.8), (18064.62, 18070.78), (23345.0, 23346.0), (5464.62, 5470.78), (11597.6, 12013.4), (16865.0, 16866.0), (17486.7, 23515.8), (22955.0, 22956.0), (5507.6, 5923.4), (11554.62, 11560.78), (17255.0, 17256.0), (24154.62, 24160.78), (5306.7, 23515.8), (5884.62, 5890.78), (11140.64, 11168.36), (17640.0, 17668.0), (23777.6, 24193.4), (4685.0, 4686.0), (1522.5, 6090.0), (10807.0, 10808.0), (18067.0, 18068.0), (23734.62, 23740.78), (5075.0, 5076.0), (9135.0, 13702.5), (11970.0, 11998.0), (16837.0, 16838.0), (23320.64, 23348.36), (5460.0, 5488.0), (4567.5, 10657.5), (11557.0, 11558.0), (17287.0, 17288.0), (22987.0, 22988.0), (5887.0, 5888.0), (13702.5, 19792.5), (11177.6, 11593.4), (17737.0, 17738.0), (24150.0, 24178.0), (4657.0, 4658.0), (2527.35, 3867.1499999999996), (11137.0, 11138.0), (18070.64, 18098.36), (23737.0, 23738.0), (5107.0, 5108.0), (10139.85, 11479.65), (10710.0, 10738.0), (16813.0, 16814.0), (23357.6, 23773.4), (5557.0, 5558.0), (",
        "alg": 11,
        "opt": 10
    },
    "execution_time_mean": 0.00032171234488487244,
    "execution_time_std": 0.0,
    "num_valid_runs": 1,
    "num_invalid_runs": 0,
    "all_validation_errors": []
}