{
    "combined_score": 0,
    "public": {
        "competitive_ratio": 1.4615384615384615,
        "num_intervals": 10921,
        "intervals": "[(8321425, 8321426), (4816896, 5505024), (981393, 981394), (12156928, 12845056), (8560640, 8601600), (4988928, 5275648), (1220608, 1261568), (12328960, 12615680), (8780177, 8780178), (4759552, 5046272), (1440145, 1440146), (12099584, 12386304), (9019392, 9060352), (5218304, 5447680), (1679360, 1720320), (12558336, 12787712), (8360960, 8364032), (4587520, 4816896), (1020928, 1024000), (11927552, 12156928), (8564736, 8585216), (5339537, 5339538), (1224704, 1245184), (12679569, 12679570), (8819712, 8822784), (5120000, 5160960), (1479680, 1482752), (12460032, 12500992), (9023488, 9043968), (4880785, 4880786), (1683456, 1703936), (12220817, 12220818), (8346001, 8346002), (4661248, 4702208), (1005969, 1005970), (12001280, 12042240), (8556544, 8568832), (5379072, 5382144), (1216512, 1228800), (12719104, 12722176), (8804753, 8804754), (5124096, 5144576), (1464721, 1464722), (12464128, 12484608), (9015296, 9027584), (4920320, 4923392), (1675264, 1687552), (12260352, 12263424), (8328192, 8331264",
        "alg": 19,
        "opt": 13
    },
    "execution_time_mean": 0.006663308944553137,
    "execution_time_std": 0.0,
    "num_valid_runs": 0,
    "num_invalid_runs": 1,
    "all_validation_errors": [
        "Length 10921 exceeds the max limit of 10000 intervals"
    ]
}