{
    "combined_score": 0,
    "public": {
        "competitive_ratio": 1.1578947368421053,
        "num_intervals": 10931,
        "intervals": "[(705616, 705617), (705620, 705621), (705624, 705625), (705628, 705629), (705615, 705619), (705626, 705630), (705618, 705623), (705622, 705627), (705619, 705626), (705679, 705686), (705682, 705687), (705678, 705683), (705686, 705690), (705675, 705679), (705688, 705689), (705684, 705685), (705680, 705681), (705676, 705677), (705736, 705737), (705740, 705741), (705744, 705745), (705748, 705749), (705735, 705739), (705746, 705750), (705738, 705743), (705742, 705747), (705739, 705746), (705799, 705806), (705802, 705807), (705798, 705803), (705806, 705810), (705795, 705799), (705808, 705809), (705804, 705805), (705800, 705801), (705796, 705797), (705600, 705660), (705765, 705825), (705645, 705720), (705705, 705780), (705660, 705765), (706560, 706665), (706605, 706680), (706545, 706620), (706665, 706725), (706500, 706560), (706696, 706697), (706700, 706701), (706704, 706705), (706708, 706709), (706695, 706699), (706706, 706710), (706698, 706703), (706702, 706707), (706699, 706706), (706639, ",
        "alg": 22,
        "opt": 19
    },
    "execution_time_mean": 0.006617106031626463,
    "execution_time_std": 0.0,
    "num_valid_runs": 0,
    "num_invalid_runs": 1,
    "all_validation_errors": [
        "Length 10931 exceeds the max limit of 10000 intervals"
    ]
}