{
    "combined_score": 0,
    "public": {
        "competitive_ratio": 1.2222222222222223,
        "num_intervals": 8870,
        "intervals": "[(62808557155.018036, 62808557255.81804), (93534258287.93196, 93534258288.93196), (125035947785.78027, 125035947886.58028), (31212990708.37792, 31212990709.37792), (62326686527.32854, 62326691317.85554), (93440381339.14015, 93440381340.14015), (124554077158.09077, 124554081948.61778), (31694861247.35642, 31694866037.88342), (62420693587.75834, 62420710920.31834), (93922251878.11865, 93922256668.64566), (124648084218.52057, 124648101551.08058), (31499694048.130817, 31499711380.69082), (62615811437.33394, 62615816227.86094), (93727084678.89305, 93727102011.45306), (124843202068.09618, 124843206858.62317), (31309361367.34922, 31309366157.87622), (62806193467.76554, 62806210800.32554), (93536751998.11145, 93536756788.63846), (125033584098.52777, 125033601431.08777), (31210569138.12542, 31210586470.685417), (62325853372.68904, 62325853373.68904), (93437959768.88765, 93437977101.44766), (124553244003.45128, 124553244004.45128), (31694038468.76692, 31694038569.566917), (62421395623.620834, 62",
        "alg": 22,
        "opt": 18
    },
    "execution_time_mean": 0.01234852708876133,
    "execution_time_std": 0.0,
    "num_valid_runs": 1,
    "num_invalid_runs": 0,
    "all_validation_errors": []
}