{
    "combined_score": 0,
    "public": {
        "competitive_ratio": 1.0625,
        "num_intervals": 1748,
        "intervals": "[(3320.815102561377, 3321.815102561377), (3322.815102561377, 3323.815102561377), (3324.815102561377, 3325.815102561377), (3326.815102561377, 3327.815102561377), (3324.315102561377, 3355.115102561377), (3326.065102561377, 3381.365102561377), (3356.951185035604, 3357.951185035604), (3354.951185035604, 3355.951185035604), (3352.951185035604, 3353.951185035604), (3350.951185035604, 3351.951185035604), (3354.451185035604, 3383.115102561377), (3356.201185035604, 3409.365102561377), (3381.087267509831, 3382.087267509831), (3383.087267509831, 3384.087267509831), (3385.087267509831, 3386.087267509831), (3387.087267509831, 3388.087267509831), (3384.587267509831, 3411.115102561377), (3411.6233499840573, 3412.6233499840573), (3409.6233499840573, 3410.6233499840573), (3407.6233499840573, 3408.6233499840573), (3405.6233499840573, 3406.6233499840573), (3316.615102561377, 3344.615102561377), (3393.615102561377, 3421.615102561377), (3337.615102561377, 3372.615102561377), (3365.615102561377, 3400.615102",
        "alg": 17,
        "opt": 16
    },
    "execution_time_mean": 0.0004265005700290203,
    "execution_time_std": 0.0,
    "num_valid_runs": 1,
    "num_invalid_runs": 0,
    "all_validation_errors": []
}