{
    "combined_score": 0,
    "public": {
        "competitive_ratio": 1.1764705882352942,
        "num_intervals": 6664,
        "intervals": "[(14651, 14652), (15551, 15552), (16451, 16452), (13751, 13752), (14639, 14640), (15539, 15540), (16439, 16440), (13739, 13740), (14643, 14644), (15543, 15544), (16443, 16444), (13743, 13744), (14647, 14648), (15547, 15548), (16447, 16448), (13747, 13748), (14638, 14642), (15538, 15542), (16438, 16442), (13738, 13742), (14649, 14653), (15549, 15553), (16449, 16453), (13749, 13753), (14641, 14646), (15541, 15546), (16441, 16446), (13741, 13746), (14645, 14650), (15545, 15550), (16445, 16450), (13745, 13750), (14652, 14653), (15552, 15553), (16452, 16453), (13752, 13753), (14640, 14641), (15540, 15541), (16440, 16441), (13740, 13741), (14644, 14645), (15544, 15545), (16444, 16445), (13744, 13745), (14648, 14649), (15548, 15549), (16448, 16449), (13748, 13749), (14711, 14712), (15611, 15612), (16511, 16512), (13811, 13812), (14699, 14700), (15599, 15600), (16499, 16500), (13799, 13800), (14703, 14704), (15603, 15604), (16503, 16504), (13803, 13804), (14707, 14708), (15607, 15608), (16507,",
        "alg": 20,
        "opt": 17
    },
    "execution_time_mean": 0.004338339902460575,
    "execution_time_std": 0.0,
    "num_valid_runs": 1,
    "num_invalid_runs": 0,
    "all_validation_errors": []
}