{
    "combined_score": 0,
    "public": {
        "competitive_ratio": 1.0833333333333333,
        "num_intervals": 7693,
        "intervals": "[(1497906, 1497907), (3867156, 3867157), (6060906, 6060907), (8430156, 8430157), (1924956, 1924957), (4030956, 4030957), (6487956, 6487957), (8593956, 8593957), (1761156, 1761157), (4218156, 4218157), (6324156, 6324157), (8781156, 8781157), (1573956, 1573957), (3767706, 3767707), (6136956, 6136957), (8330706, 8330707), (1510386, 1510387), (3879636, 3879637), (6073386, 6073387), (8442636, 8442637), (1914036, 1914037), (4020036, 4020037), (6477036, 6477037), (8583036, 8583037), (1773636, 1773637), (4230636, 4230637), (6336636, 6336637), (8793636, 8793637), (1563036, 1563037), (3756786, 3756787), (6126036, 6126037), (8319786, 8319787), (1474506, 1474507), (3843756, 3843757), (6037506, 6037507), (8406756, 8406757), (1948356, 1948357), (4054356, 4054357), (6511356, 6511357), (8617356, 8617357), (1737756, 1737757), (4194756, 4194757), (6300756, 6300757), (8757756, 8757757), (1597356, 1597357), (3791106, 3791107), (6160356, 6160357), (8354106, 8354107), (1486986, 1486987), (3856236, 3856237),",
        "alg": 26,
        "opt": 24
    },
    "execution_time_mean": 0.008736955001950264,
    "execution_time_std": 0.0,
    "num_valid_runs": 1,
    "num_invalid_runs": 0,
    "all_validation_errors": []
}