{
    "combined_score": 0,
    "public": {
        "competitive_ratio": 1.8333333333333333,
        "num_intervals": 9800,
        "intervals": "[(8650546, 8650547), (6018046, 6018047), (3385546, 3385547), (2069296, 2069297), (8751796, 8751797), (6119296, 6119297), (3486796, 3486797), (2170546, 2170547), (8954296, 8954297), (6321796, 6321797), (3689296, 3689297), (2373046, 2373047), (9156796, 9156797), (6524296, 6524297), (3891796, 3891797), (2575546, 2575547), (8637046, 8637047), (6004546, 6004547), (3372046, 3372047), (2055796, 2055797), (8738296, 8738297), (6105796, 6105797), (3473296, 3473297), (2157046, 2157047), (8940796, 8940797), (6308296, 6308297), (3675796, 3675797), (2359546, 2359547), (9143296, 9143297), (6510796, 6510797), (3878296, 3878297), (2562046, 2562047), (8623546, 8623547), (5991046, 5991047), (3358546, 3358547), (2042296, 2042297), (8724796, 8724797), (6092296, 6092297), (3459796, 3459797), (2143546, 2143547), (8927296, 8927297), (6294796, 6294797), (3662296, 3662297), (2346046, 2346047), (9129796, 9129797), (6497296, 6497297), (3864796, 3864797), (2548546, 2548547), (8610046, 8610047), (5977546, 5977547),",
        "alg": 22,
        "opt": 12
    },
    "execution_time_mean": 0.005957257933914661,
    "execution_time_std": 0.0,
    "num_valid_runs": 1,
    "num_invalid_runs": 0,
    "all_validation_errors": []
}