{
    "combined_score": 2.3000000000000003,
    "public": {
        "competitive_ratio": 2.3,
        "num_intervals": 9800,
        "intervals": "[(9966796, 9966797), (6929296, 6929297), (3891796, 3891797), (854296, 854297), (10169296, 10169297), (7131796, 7131797), (4094296, 4094297), (1056796, 1056797), (10371796, 10371797), (7334296, 7334297), (4296796, 4296797), (1259296, 1259297), (10574296, 10574297), (7536796, 7536797), (4499296, 4499297), (1461796, 1461797), (9953296, 9953297), (6915796, 6915797), (3878296, 3878297), (840796, 840797), (10155796, 10155797), (7118296, 7118297), (4080796, 4080797), (1043296, 1043297), (10358296, 10358297), (7320796, 7320797), (4283296, 4283297), (1245796, 1245797), (10560796, 10560797), (7523296, 7523297), (4485796, 4485797), (1448296, 1448297), (9939796, 9939797), (6902296, 6902297), (3864796, 3864797), (827296, 827297), (10142296, 10142297), (7104796, 7104797), (4067296, 4067297), (1029796, 1029797), (10344796, 10344797), (7307296, 7307297), (4269796, 4269797), (1232296, 1232297), (10547296, 10547297), (7509796, 7509797), (4472296, 4472297), (1434796, 1434797), (9926296, 9926297), (688879",
        "alg": 23,
        "opt": 10
    },
    "execution_time_mean": 0.009191140998154879,
    "execution_time_std": 0.0,
    "num_valid_runs": 1,
    "num_invalid_runs": 0,
    "all_validation_errors": []
}