{
    "combined_score": 1.1666666666666667,
    "public": {
        "num_intervals": 16,
        "intervals": "[(9538, 9540), (9534, 9542), (9518, 9528), (9526, 9536), (9508, 9544), (9436, 9474), (9472, 9510), (9398, 9546), (9102, 9252), (9250, 9400), (8952, 9548), (7760, 8358), (8356, 8954), (7162, 9550), (2386, 4776), (4774, 7164)]",
        "alg": 7,
        "opt": 6
    },
    "execution_time_mean": 661.2921694419347,
    "execution_time_std": 0.0,
    "num_valid_runs": 1,
    "num_invalid_runs": 0,
    "all_validation_errors": []
}