{
    "combined_score": 0,
    "public": {
        "competitive_ratio": 1.1818181818181819,
        "num_intervals": 9556,
        "intervals": "[(3616200.0, 3836700.0), (3439800.0, 3660300.0), (3792600.0, 3969000.0), (3307500.0, 3483900.0), (3359580.0, 3360420.0), (3358320.0, 3359160.0), (3358950.0, 3359580.0), (3357900.0, 3358530.0), (3358522.0, 3358527.0), (3358518.0, 3358523.0), (3358526.0, 3358530.0), (3358515.0, 3358519.0), (3358528.0, 3358529.0), (3358524.0, 3358525.0), (3358520.0, 3358521.0), (3358516.0, 3358517.0), (3358456.0, 3358457.0), (3358460.0, 3358461.0), (3358464.0, 3358465.0), (3358468.0, 3358469.0), (3358455.0, 3358459.0), (3358466.0, 3358470.0), (3358458.0, 3358463.0), (3358462.0, 3358467.0), (3358402.0, 3358407.0), (3358398.0, 3358403.0), (3358406.0, 3358410.0), (3358395.0, 3358399.0), (3358408.0, 3358409.0), (3358404.0, 3358405.0), (3358400.0, 3358401.0), (3358396.0, 3358397.0), (3358336.0, 3358337.0), (3358340.0, 3358341.0), (3358344.0, 3358345.0), (3358348.0, 3358349.0), (3358335.0, 3358339.0), (3358346.0, 3358350.0), (3358338.0, 3358343.0), (3358342.0, 3358347.0), (3358320.0, 3358380.0), (3358395.0, 335",
        "alg": 13,
        "opt": 11
    },
    "execution_time_mean": 0.006025572773069143,
    "execution_time_std": 0.0,
    "num_valid_runs": 1,
    "num_invalid_runs": 0,
    "all_validation_errors": []
}