{
    "combined_score": 0,
    "public": {
        "competitive_ratio": 1.1578947368421053,
        "num_intervals": 20476,
        "intervals": "[(705616, 705617), (705616.35, 705617.35), (705620, 705621), (705620.35, 705621.35), (705624, 705625), (705624.35, 705625.35), (705628, 705629), (705615, 705619), (705626, 705630), (705618, 705623), (705622, 705627), (705615.5, 705628.5), (705616.1, 705617.1), (705620.1, 705621.1), (705624.1, 705625.1), (705628.1, 705629.1), (705620.25, 705622.05), (705688.1, 705689.1), (705684.1, 705685.1), (705680.1, 705681.1), (705676.1, 705677.1), (705675.5, 705688.5), (705682, 705687), (705678, 705683), (705686, 705690), (705675, 705679), (705688, 705689), (705684.35, 705685.35), (705684, 705685), (705680.35, 705681.35), (705680, 705681), (705676.35, 705677.35), (705676, 705677), (705680.25, 705682.05), (705736, 705737), (705736.35, 705737.35), (705740, 705741), (705740.35, 705741.35), (705744, 705745), (705744.35, 705745.35), (705748, 705749), (705735, 705739), (705746, 705750), (705738, 705743), (705742, 705747), (705735.5, 705748.5), (705736.1, 705737.1), (705740.1, 705741.1), (705744.1, 705745",
        "alg": 22,
        "opt": 19
    },
    "execution_time_mean": 0.010403649881482124,
    "execution_time_std": 0.0,
    "num_valid_runs": 0,
    "num_invalid_runs": 1,
    "all_validation_errors": [
        "Length 20476 exceeds the max limit of 10000 intervals"
    ]
}