{
    "combined_score": 0,
    "public": {
        "competitive_ratio": 1.0769230769230769,
        "num_intervals": 9800,
        "intervals": "[(54342000, 55860750), (63293550, 63294300), (77130000, 78648750), (86081550, 86082300), (52823250, 54342000), (64941750, 65121750), (75611250, 77130000), (87729750, 87909750), (55860750, 57379500), (66331050, 66331800), (78648750, 80167500), (89119050, 89119800), (51304500, 52823250), (67979250, 68159250), (74092500, 75611250), (90767250, 90947250), (56369251, 56369252), (63657000, 63668250), (79157251, 79157252), (86445000, 86456250), (54850503, 54850504), (64869750, 64977750), (77638503, 77638504), (87657750, 87765750), (53331752, 53331753), (66694500, 66705750), (76119752, 76119753), (89482500, 89493750), (51813001, 51813002), (67907250, 68015250), (74601001, 74601002), (90695250, 90803250), (54850500, 57381750), (63509550, 63510300), (77638500, 80169750), (86297550, 86298300), (52825500, 55356750), (65085750, 65229750), (75613500, 78144750), (87873750, 88017750), (56875500, 58900500), (66547050, 66547800), (79663500, 81688500), (89335050, 89335800), (51306750, 53331750), (68123250",
        "alg": 14,
        "opt": 13
    },
    "execution_time_mean": 0.04113168083131313,
    "execution_time_std": 0.0,
    "num_valid_runs": 1,
    "num_invalid_runs": 0,
    "all_validation_errors": []
}