{
    "combined_score": 1.0,
    "public": {
        "competitive_ratio": 1.4285714285714286,
        "num_intervals": 9556,
        "intervals": "[(7675111, 7675112), (7675110, 7675114), (7675115, 7675116), (7675113, 7675118), (7675119, 7675120), (7675117, 7675122), (7675123, 7675124), (7675121, 7675125), (7675080, 7675155), (7675181, 7675185), (7675183, 7675184), (7675177, 7675182), (7675179, 7675180), (7675173, 7675178), (7675175, 7675176), (7675170, 7675174), (7675171, 7675172), (7675140, 7675200), (7674991, 7674992), (7674990, 7674994), (7674995, 7674996), (7674993, 7674998), (7674999, 7675000), (7674997, 7675002), (7675003, 7675004), (7675001, 7675005), (7674975, 7675035), (7675061, 7675065), (7675063, 7675064), (7675057, 7675062), (7675059, 7675060), (7675053, 7675058), (7675055, 7675056), (7675050, 7675054), (7675051, 7675052), (7675020, 7675095), (7674750, 7675650), (7676011, 7676012), (7676010, 7676014), (7676015, 7676016), (7676013, 7676018), (7676019, 7676020), (7676017, 7676022), (7676023, 7676024), (7676021, 7676025), (7675980, 7676055), (7676081, 7676085), (7676083, 7676084), (7676077, 7676082), (7676079, 7676080),",
        "alg": 10,
        "opt": 7
    },
    "execution_time_mean": 0.004081462975591421,
    "execution_time_std": 0.0,
    "num_valid_runs": 1,
    "num_invalid_runs": 0,
    "all_validation_errors": []
}