{
    "combined_score": 0,
    "public": {
        "competitive_ratio": 1.0,
        "num_intervals": 321,
        "intervals": "[(781.9, 782.0866666666666), (774.9, 775.0866666666666), (783.4166666666666, 787.8499999999999), (782.775, 787.2083333333333), (782.1333333333333, 786.5666666666666), (774.0833333333333, 778.5166666666667), (773.4416666666666, 777.875), (772.8, 777.2333333333333), (785.0266666666666, 787.1266666666667), (783.3466666666666, 785.4466666666667), (786.7066666666667, 788.3866666666667), (782.0866666666666, 783.7666666666667), (786.3333333333333, 798.0), (777.0, 788.6666666666666), (795.6666666666666, 805.0), (770.0, 779.3333333333333), (793.0, 793.3333333333333), (792.3333333333333, 792.6666666666666), (791.6666666666666, 792.0), (791.0, 791.3333333333333), (781.9583333333333, 782.425), (781.6666666666666, 782.0), (782.3333333333333, 782.6666666666666), (783.0, 783.3333333333333), (783.6666666666666, 784.0), (772.625, 773.0916666666667), (774.3333333333333, 774.6666666666666), (773.6666666666666, 774.0), (773.0, 773.3333333333333), (772.3333333333333, 772.6666666666666), (632.3333333333333,",
        "alg": 11,
        "opt": 11
    },
    "execution_time_mean": 0.00010659405961632729,
    "execution_time_std": 0.0,
    "num_valid_runs": 1,
    "num_invalid_runs": 0,
    "all_validation_errors": []
}