{
    "combined_score": 1.3,
    "public": {
        "competitive_ratio": 1.4444444444444444,
        "num_intervals": 6801,
        "intervals": "[(35855, 35856), (35859, 35860), (35863, 35864), (35867, 35868), (35871, 35872), (35875, 35876), (35879, 35880), (35854, 35858), (35858, 35862), (35862, 35866), (35866, 35870), (35870, 35874), (35874, 35878), (35857, 35862), (35861, 35866), (35865, 35870), (35869, 35874), (35873, 35878), (35977, 35982), (35973, 35978), (35969, 35974), (35965, 35970), (35961, 35966), (35978, 35982), (35974, 35978), (35970, 35974), (35966, 35970), (35962, 35966), (35958, 35962), (35983, 35984), (35979, 35980), (35975, 35976), (35971, 35972), (35967, 35968), (35963, 35964), (35959, 35960), (36063, 36064), (36067, 36068), (36071, 36072), (36075, 36076), (36079, 36080), (36083, 36084), (36087, 36088), (36062, 36066), (36066, 36070), (36070, 36074), (36074, 36078), (36078, 36082), (36082, 36086), (36065, 36070), (36069, 36074), (36073, 36078), (36077, 36082), (36081, 36086), (36185, 36190), (36181, 36186), (36177, 36182), (36173, 36178), (36169, 36174), (36186, 36190), (36182, 36186), (36178, 36182), (36174,",
        "alg": 13,
        "opt": 9
    },
    "execution_time_mean": 0.0033044288866221905,
    "execution_time_std": 0.0,
    "num_valid_runs": 1,
    "num_invalid_runs": 0,
    "all_validation_errors": []
}