{
    "combined_score": 0.7000000000000001,
    "public": {
        "competitive_ratio": 2.3333333333333335,
        "num_intervals": 36,
        "intervals": "[(31, 32), (35, 36), (39, 40), (43, 44), (30, 34), (41, 45), (33, 38), (37, 42), (91, 92), (95, 96), (99, 100), (103, 104), (90, 94), (101, 105), (93, 98), (97, 102), (151, 152), (155, 156), (159, 160), (163, 164), (150, 154), (161, 165), (153, 158), (157, 162), (211, 212), (215, 216), (219, 220), (223, 224), (210, 214), (221, 225), (213, 218), (217, 222), (15, 75), (180, 240), (60, 135), (120, 195)]",
        "alg": 7,
        "opt": 3
    },
    "execution_time_mean": 4.9697235226631165e-05,
    "execution_time_std": 0.0,
    "num_valid_runs": 1,
    "num_invalid_runs": 0,
    "all_validation_errors": []
}