{
    "combined_score": 2.3000000000000003,
    "public": {
        "competitive_ratio": 2.3,
        "num_intervals": 9800,
        "intervals": "[(813616, 813617), (813620, 813621), (813624, 813625), (813628, 813629), (813615, 813619), (813626, 813630), (813618, 813623), (813622, 813627), (813676, 813677), (813680, 813681), (813684, 813685), (813688, 813689), (813675, 813679), (813686, 813690), (813678, 813683), (813682, 813687), (813736, 813737), (813740, 813741), (813744, 813745), (813748, 813749), (813735, 813739), (813746, 813750), (813738, 813743), (813742, 813747), (813796, 813797), (813800, 813801), (813804, 813805), (813808, 813809), (813795, 813799), (813806, 813810), (813798, 813803), (813802, 813807), (813600, 813660), (813765, 813825), (813645, 813720), (813705, 813780), (814516, 814517), (814520, 814521), (814524, 814525), (814528, 814529), (814515, 814519), (814526, 814530), (814518, 814523), (814522, 814527), (814576, 814577), (814580, 814581), (814584, 814585), (814588, 814589), (814575, 814579), (814586, 814590), (814578, 814583), (814582, 814587), (814636, 814637), (814640, 814641), (814644, 814645), (814648, ",
        "alg": 23,
        "opt": 10
    },
    "execution_time_mean": 0.008020163048058748,
    "execution_time_std": 0.0,
    "num_valid_runs": 1,
    "num_invalid_runs": 0,
    "all_validation_errors": []
}