{
    "combined_score": 0,
    "public": {
        "competitive_ratio": 1.0588235294117647,
        "num_intervals": 9800,
        "intervals": "[(789441, 789442), (789445, 789446), (789449, 789450), (789453, 789454), (789440, 789444), (789451, 789455), (789443, 789448), (789447, 789452), (789441, 789442), (789445, 789446), (789449, 789450), (789453, 789454), (789501, 789502), (789505, 789506), (789509, 789510), (789513, 789514), (789500, 789504), (789511, 789515), (789503, 789508), (789507, 789512), (789501, 789502), (789505, 789506), (789509, 789510), (789513, 789514), (789561, 789562), (789565, 789566), (789569, 789570), (789573, 789574), (789560, 789564), (789571, 789575), (789563, 789568), (789567, 789572), (789561, 789562), (789565, 789566), (789569, 789570), (789573, 789574), (789621, 789622), (789625, 789626), (789629, 789630), (789633, 789634), (789620, 789624), (789631, 789635), (789623, 789628), (789627, 789632), (789621, 789622), (789625, 789626), (789629, 789630), (789633, 789634), (789425, 789485), (789590, 789650), (789470, 789545), (789530, 789605), (789436, 789437), (789440, 789441), (789444, 789445), (789448, ",
        "alg": 18,
        "opt": 17
    },
    "execution_time_mean": 0.09323429502546787,
    "execution_time_std": 0.0,
    "num_valid_runs": 1,
    "num_invalid_runs": 0,
    "all_validation_errors": []
}