{
    "combined_score": 0,
    "public": {
        "competitive_ratio": 1.3333333333333333,
        "num_intervals": 2831,
        "intervals": "[(222331, 222332), (451831, 451832), (681331, 681332), (910831, 910832), (223351, 223352), (452851, 452852), (682351, 682352), (911851, 911852), (224371, 224372), (453871, 453872), (683371, 683372), (912871, 912872), (225391, 225392), (454891, 454892), (684391, 684392), (913891, 913892), (222335, 222336), (451835, 451836), (681335, 681336), (910835, 910836), (223355, 223356), (452855, 452856), (682355, 682356), (911855, 911856), (224375, 224376), (453875, 453876), (683375, 683376), (912875, 912876), (225395, 225396), (454895, 454896), (684395, 684396), (913895, 913896), (222339, 222340), (451839, 451840), (681339, 681340), (910839, 910840), (223359, 223360), (452859, 452860), (682359, 682360), (911859, 911860), (224379, 224380), (453879, 453880), (683379, 683380), (912879, 912880), (225399, 225400), (454899, 454900), (684399, 684400), (913899, 913900), (222343, 222344), (451843, 451844), (681343, 681344), (910843, 910844), (223363, 223364), (452863, 452864), (682363, 682364), (911863, ",
        "alg": 24,
        "opt": 18
    },
    "execution_time_mean": 0.0036862841807305813,
    "execution_time_std": 0.0,
    "num_valid_runs": 1,
    "num_invalid_runs": 0,
    "all_validation_errors": []
}