{
    "combined_score": 0,
    "public": {
        "competitive_ratio": 1.6363636363636365,
        "num_intervals": 3759,
        "intervals": "[(34187586, 34187587), (34187588, 34187589), (34187610, 34187611), (34187612, 34187613), (34187634, 34187635), (34187636, 34187637), (34187658, 34187659), (34187660, 34187661), (34187580, 34187604), (34187646, 34187670), (34187598, 34187628), (34187622, 34187652), (34187622, 34187623), (34188306, 34188307), (34188308, 34188309), (34188330, 34188331), (34188332, 34188333), (34188354, 34188355), (34188356, 34188357), (34188378, 34188379), (34188380, 34188381), (34188300, 34188324), (34188366, 34188390), (34188318, 34188348), (34188342, 34188372), (34188342, 34188343), (34189026, 34189027), (34189028, 34189029), (34189050, 34189051), (34189052, 34189053), (34189074, 34189075), (34189076, 34189077), (34189098, 34189099), (34189100, 34189101), (34189020, 34189044), (34189086, 34189110), (34189038, 34189068), (34189062, 34189092), (34189062, 34189063), (34189746, 34189747), (34189748, 34189749), (34189770, 34189771), (34189772, 34189773), (34189794, 34189795), (34189796, 34189797), (34189818",
        "alg": 18,
        "opt": 11
    },
    "execution_time_mean": 0.005497076082974672,
    "execution_time_std": 0.0,
    "num_valid_runs": 1,
    "num_invalid_runs": 0,
    "all_validation_errors": []
}