{
    "combined_score": 0,
    "public": {
        "competitive_ratio": 2.4545454545454546,
        "num_intervals": 152919,
        "intervals": "[(353922991, 353922992), (399485491, 399485492), (445047991, 445047992), (490610491, 490610492), (354125491, 354125492), (399687991, 399687992), (445250491, 445250492), (490812991, 490812992), (354327991, 354327992), (399890491, 399890492), (445452991, 445452992), (491015491, 491015492), (354530491, 354530492), (400092991, 400092992), (445655491, 445655492), (491217991, 491217992), (353923891, 353923892), (399486391, 399486392), (445048891, 445048892), (490611391, 490611392), (354126391, 354126392), (399688891, 399688892), (445251391, 445251392), (490813891, 490813892), (354328891, 354328892), (399891391, 399891392), (445453891, 445453892), (491016391, 491016392), (354531391, 354531392), (400093891, 400093892), (445656391, 445656392), (491218891, 491218892), (353924791, 353924792), (399487291, 399487292), (445049791, 445049792), (490612291, 490612292), (354127291, 354127292), (399689791, 399689792), (445252291, 445252292), (490814791, 490814792), (354329791, 354329792), (399892291, 399",
        "alg": 27,
        "opt": 11
    },
    "execution_time_mean": 0.077871466986835,
    "execution_time_std": 0.0,
    "num_valid_runs": 0,
    "num_invalid_runs": 1,
    "all_validation_errors": [
        "Length 152919 exceeds the max limit of 10000 intervals"
    ]
}