{
    "combined_score": 0,
    "public": {
        "competitive_ratio": 1.5333333333333334,
        "num_intervals": 10923,
        "intervals": "[(2494156, 2494157), (5734156, 5734157), (8974156, 8974157), (12214156, 12214157), (2710156, 2710157), (5950156, 5950157), (9190156, 9190157), (12430156, 12430157), (2926156, 2926157), (6166156, 6166157), (9406156, 9406157), (12646156, 12646157), (3142156, 3142157), (6382156, 6382157), (9622156, 9622157), (12862156, 12862157), (2507656, 2507657), (5747656, 5747657), (8987656, 8987657), (12227656, 12227657), (2723656, 2723657), (5963656, 5963657), (9203656, 9203657), (12443656, 12443657), (2939656, 2939657), (6179656, 6179657), (9419656, 9419657), (12659656, 12659657), (3155656, 3155657), (6395656, 6395657), (9635656, 9635657), (12875656, 12875657), (2521156, 2521157), (5761156, 5761157), (9001156, 9001157), (12241156, 12241157), (2737156, 2737157), (5977156, 5977157), (9217156, 9217157), (12457156, 12457157), (2953156, 2953157), (6193156, 6193157), (9433156, 9433157), (12673156, 12673157), (3169156, 3169157), (6409156, 6409157), (9649156, 9649157), (12889156, 12889157), (2534656, 25346",
        "alg": 23,
        "opt": 15
    },
    "execution_time_mean": 0.012155380100011826,
    "execution_time_std": 0.0,
    "num_valid_runs": 0,
    "num_invalid_runs": 1,
    "all_validation_errors": [
        "Length 10923 exceeds the max limit of 10000 intervals"
    ]
}