{
    "combined_score": 0,
    "public": {
        "competitive_ratio": 1.7272727272727273,
        "num_intervals": 2483,
        "intervals": "[(1411171, 1411172), (1512421, 1512422), (1714921, 1714922), (1917421, 1917422), (1397671, 1397672), (1498921, 1498922), (1701421, 1701422), (1903921, 1903922), (1384171, 1384172), (1485421, 1485422), (1687921, 1687922), (1890421, 1890422), (1370671, 1370672), (1471921, 1471922), (1674421, 1674422), (1876921, 1876922), (1412071, 1412072), (1513321, 1513322), (1715821, 1715822), (1918321, 1918322), (1398571, 1398572), (1499821, 1499822), (1702321, 1702322), (1904821, 1904822), (1385071, 1385072), (1486321, 1486322), (1688821, 1688822), (1891321, 1891322), (1371571, 1371572), (1472821, 1472822), (1675321, 1675322), (1877821, 1877822), (1412971, 1412972), (1514221, 1514222), (1716721, 1716722), (1919221, 1919222), (1399471, 1399472), (1500721, 1500722), (1703221, 1703222), (1905721, 1905722), (1385971, 1385972), (1487221, 1487222), (1689721, 1689722), (1892221, 1892222), (1372471, 1372472), (1473721, 1473722), (1676221, 1676222), (1878721, 1878722), (1413871, 1413872), (1515121, 1515122),",
        "alg": 19,
        "opt": 11
    },
    "execution_time_mean": 0.0030769510194659233,
    "execution_time_std": 0.0,
    "num_valid_runs": 1,
    "num_invalid_runs": 0,
    "all_validation_errors": []
}