{
    "combined_score": 0,
    "public": {
        "competitive_ratio": 1.1818181818181819,
        "num_intervals": 2029,
        "intervals": "[(23293, 23294), (23297, 23298), (23301, 23302), (23305, 23306), (23309, 23310), (23292, 23296), (23296, 23300), (23300, 23304), (23304, 23308), (23295, 23300), (23299, 23304), (23303, 23308), (23293, 23294), (23298, 23299), (23370, 23371), (23365, 23366), (23375, 23380), (23371, 23376), (23367, 23372), (23376, 23380), (23372, 23376), (23368, 23372), (23364, 23368), (23381, 23382), (23377, 23378), (23373, 23374), (23369, 23370), (23365, 23366), (23437, 23438), (23441, 23442), (23445, 23446), (23449, 23450), (23453, 23454), (23436, 23440), (23440, 23444), (23444, 23448), (23448, 23452), (23439, 23444), (23443, 23448), (23447, 23452), (23437, 23438), (23442, 23443), (23514, 23515), (23509, 23510), (23519, 23524), (23515, 23520), (23511, 23516), (23520, 23524), (23516, 23520), (23512, 23516), (23508, 23512), (23525, 23526), (23521, 23522), (23517, 23518), (23513, 23514), (23509, 23510), (23581, 23582), (23585, 23586), (23589, 23590), (23593, 23594), (23597, 23598), (23580, 23584), (23584,",
        "alg": 13,
        "opt": 11
    },
    "execution_time_mean": 0.0011420478112995625,
    "execution_time_std": 0.0,
    "num_valid_runs": 1,
    "num_invalid_runs": 0,
    "all_validation_errors": []
}