{
    "combined_score": 0,
    "public": {
        "competitive_ratio": 1.0909090909090908,
        "num_intervals": 4181,
        "intervals": "[(1663, 1664), (1292, 1293), (839, 840), (468, 469), (15, 16), (1685, 1686), (1314, 1315), (861, 862), (490, 491), (37, 38), (1703, 1704), (1332, 1333), (879, 880), (508, 509), (55, 56), (1725, 1726), (1354, 1355), (901, 902), (530, 531), (77, 78), (1743, 1744), (1372, 1373), (919, 920), (548, 549), (95, 96), (1664, 1665), (1293, 1294), (840, 841), (469, 470), (16, 17), (1686, 1687), (1315, 1316), (862, 863), (491, 492), (38, 39), (1704, 1705), (1333, 1334), (880, 881), (509, 510), (56, 57), (1726, 1727), (1355, 1356), (902, 903), (531, 532), (78, 79), (1744, 1745), (1373, 1374), (920, 921), (549, 550), (96, 97), (1665, 1666), (1294, 1295), (841, 842), (470, 471), (17, 18), (1687, 1688), (1316, 1317), (863, 864), (492, 493), (39, 40), (1705, 1706), (1334, 1335), (881, 882), (510, 511), (57, 58), (1727, 1728), (1356, 1357), (903, 904), (532, 533), (79, 80), (1745, 1746), (1374, 1375), (921, 922), (550, 551), (97, 98), (1666, 1667), (1295, 1296), (842, 843), (471, 472), (18, 19), (1688, ",
        "alg": 12,
        "opt": 11
    },
    "execution_time_mean": 0.007104326039552689,
    "execution_time_std": 0.0,
    "num_valid_runs": 1,
    "num_invalid_runs": 0,
    "all_validation_errors": []
}