{
    "combined_score": 0,
    "public": {
        "competitive_ratio": 1.4615384615384615,
        "num_intervals": 9800,
        "intervals": "[(10226250, 10479375), (10023750, 10276875), (10553625, 10570500), (10351125, 10368000), (10148625, 10165500), (9946125, 9963000), (10540125, 10557000), (10337625, 10354500), (10135125, 10152000), (9932625, 9949500), (10567125, 10580625), (10364625, 10378125), (10162125, 10175625), (9959625, 9973125), (10530000, 10543500), (10327500, 10341000), (10125000, 10138500), (9922500, 9936000), (10534950, 10536075), (10332450, 10333575), (10129950, 10131075), (9927450, 9928575), (10534050, 10535175), (10331550, 10332675), (10129050, 10130175), (9926550, 9927675), (10536405, 10536480), (10333905, 10333980), (10131405, 10131480), (9928905, 9928980), (10535505, 10535580), (10333005, 10333080), (10130505, 10130580), (9928005, 9928080), (10534605, 10534680), (10332105, 10332180), (10129605, 10129680), (9927105, 9927180), (10533705, 10533780), (10331205, 10331280), (10128705, 10128780), (9926205, 9926280), (10536345, 10536420), (10333845, 10333920), (10131345, 10131420), (9928845, 9928920), (10535445",
        "alg": 19,
        "opt": 13
    },
    "execution_time_mean": 0.013756152242422104,
    "execution_time_std": 0.0,
    "num_valid_runs": 1,
    "num_invalid_runs": 0,
    "all_validation_errors": []
}