{
    "combined_score": 2.3000000000000003,
    "public": {
        "competitive_ratio": 2.3,
        "num_intervals": 9800,
        "intervals": "[(4053680, 4053681), (1016180, 1016181), (10128680, 10128681), (7091180, 7091181), (4256180, 4256181), (1218680, 1218681), (10331180, 10331181), (7293680, 7293681), (4458680, 4458681), (1421180, 1421181), (10533680, 10533681), (7496180, 7496181), (3851180, 3851181), (813680, 813681), (9926180, 9926181), (6888680, 6888681), (4067180, 4067181), (1029680, 1029681), (10142180, 10142181), (7104680, 7104681), (4269680, 4269681), (1232180, 1232181), (10344680, 10344681), (7307180, 7307181), (4472180, 4472181), (1434680, 1434681), (10547180, 10547181), (7509680, 7509681), (3864680, 3864681), (827180, 827181), (9939680, 9939681), (6902180, 6902181), (4080680, 4080681), (1043180, 1043181), (10155680, 10155681), (7118180, 7118181), (4283180, 4283181), (1245680, 1245681), (10358180, 10358181), (7320680, 7320681), (4485680, 4485681), (1448180, 1448181), (10560680, 10560681), (7523180, 7523181), (3878180, 3878181), (840680, 840681), (9953180, 9953181), (6915680, 6915681), (4094180, 4094181), (105668",
        "alg": 23,
        "opt": 10
    },
    "execution_time_mean": 0.01503433519974351,
    "execution_time_std": 0.0,
    "num_valid_runs": 1,
    "num_invalid_runs": 0,
    "all_validation_errors": []
}