{
    "combined_score": 0,
    "public": {
        "competitive_ratio": 1.7142857142857142,
        "num_intervals": 9800,
        "intervals": "[(617866, 617867), (705616, 705617), (881116, 881117), (1056616, 1056617), (618766, 618767), (706516, 706517), (882016, 882017), (1057516, 1057517), (619666, 619667), (707416, 707417), (882916, 882917), (1058416, 1058417), (620566, 620567), (708316, 708317), (883816, 883817), (1059316, 1059317), (617870, 617871), (705620, 705621), (881120, 881121), (1056620, 1056621), (618770, 618771), (706520, 706521), (882020, 882021), (1057520, 1057521), (619670, 619671), (707420, 707421), (882920, 882921), (1058420, 1058421), (620570, 620571), (708320, 708321), (883820, 883821), (1059320, 1059321), (617874, 617875), (705624, 705625), (881124, 881125), (1056624, 1056625), (618774, 618775), (706524, 706525), (882024, 882025), (1057524, 1057525), (619674, 619675), (707424, 707425), (882924, 882925), (1058424, 1058425), (620574, 620575), (708324, 708325), (883824, 883825), (1059324, 1059325), (617878, 617879), (705628, 705629), (881128, 881129), (1056628, 1056629), (618778, 618779), (706528, 706529), (",
        "alg": 24,
        "opt": 14
    },
    "execution_time_mean": 0.008086103945970535,
    "execution_time_std": 0.0,
    "num_valid_runs": 1,
    "num_invalid_runs": 0,
    "all_validation_errors": []
}