{
    "combined_score": 2.0,
    "public": {
        "competitive_ratio": 2.2222222222222223,
        "num_intervals": 9800,
        "intervals": "[(2028616, 2028617), (2129866, 2129867), (2332366, 2332367), (2534866, 2534867), (2029516, 2029517), (2130766, 2130767), (2333266, 2333267), (2535766, 2535767), (2030416, 2030417), (2131666, 2131667), (2334166, 2334167), (2536666, 2536667), (2031316, 2031317), (2132566, 2132567), (2335066, 2335067), (2537566, 2537567), (2028620, 2028621), (2129870, 2129871), (2332370, 2332371), (2534870, 2534871), (2029520, 2029521), (2130770, 2130771), (2333270, 2333271), (2535770, 2535771), (2030420, 2030421), (2131670, 2131671), (2334170, 2334171), (2536670, 2536671), (2031320, 2031321), (2132570, 2132571), (2335070, 2335071), (2537570, 2537571), (2028624, 2028625), (2129874, 2129875), (2332374, 2332375), (2534874, 2534875), (2029524, 2029525), (2130774, 2130775), (2333274, 2333275), (2535774, 2535775), (2030424, 2030425), (2131674, 2131675), (2334174, 2334175), (2536674, 2536675), (2031324, 2031325), (2132574, 2132575), (2335074, 2335075), (2537574, 2537575), (2028628, 2028629), (2129878, 2129879),",
        "alg": 20,
        "opt": 9
    },
    "execution_time_mean": 0.005181435029953718,
    "execution_time_std": 0.0,
    "num_valid_runs": 1,
    "num_invalid_runs": 0,
    "all_validation_errors": []
}