{
    "combined_score": 0,
    "public": {
        "competitive_ratio": 1.3157894736842106,
        "num_intervals": 2803,
        "intervals": "[(120000, 122880), (350400, 353280), (580800, 583680), (811200, 814080), (120720, 121920), (351120, 352320), (581520, 582720), (811920, 813120), (119760, 120960), (350160, 351360), (580560, 581760), (810960, 812160), (121680, 122640), (352080, 353040), (582480, 583440), (812880, 813840), (119040, 120000), (349440, 350400), (579840, 580800), (810240, 811200), (122272, 122352), (352672, 352752), (583072, 583152), (813472, 813552), (121312, 121392), (351712, 351792), (582112, 582192), (812512, 812592), (120352, 120432), (350752, 350832), (581152, 581232), (811552, 811632), (119392, 119472), (349792, 349872), (580192, 580272), (810592, 810672), (122208, 122288), (352608, 352688), (583008, 583088), (813408, 813488), (121248, 121328), (351648, 351728), (582048, 582128), (812448, 812528), (120288, 120368), (350688, 350768), (581088, 581168), (811488, 811568), (119328, 119408), (349728, 349808), (580128, 580208), (810528, 810608), (122336, 122400), (352736, 352800), (583136, 583200), (813536, ",
        "alg": 25,
        "opt": 19
    },
    "execution_time_mean": 0.00431954488158226,
    "execution_time_std": 0.0,
    "num_valid_runs": 1,
    "num_invalid_runs": 0,
    "all_validation_errors": []
}