{
    "combined_score": 0,
    "public": {
        "competitive_ratio": 1.7333333333333334,
        "num_intervals": 9649,
        "intervals": "[(16720572, 16720573), (17015352, 17015353), (17310132, 17310133), (17604912, 17604913), (16722102, 16722103), (17016882, 17016883), (17311662, 17311663), (17606442, 17606443), (16723122, 16723123), (17017902, 17017903), (17312682, 17312683), (17607462, 17607463), (16724142, 16724143), (17018922, 17018923), (17313702, 17313703), (17608482, 17608483), (16720578, 16720579), (17015358, 17015359), (17310138, 17310139), (17604918, 17604919), (16722108, 16722109), (17016888, 17016889), (17311668, 17311669), (17606448, 17606449), (16723128, 16723129), (17017908, 17017909), (17312688, 17312689), (17607468, 17607469), (16724148, 16724149), (17018928, 17018929), (17313708, 17313709), (17608488, 17608489), (16720582, 16720583), (17015362, 17015363), (17310142, 17310143), (17604922, 17604923), (16722112, 16722113), (17016892, 17016893), (17311672, 17311673), (17606452, 17606453), (16723132, 16723133), (17017912, 17017913), (17312692, 17312693), (17607472, 17607473), (16724152, 16724153), (17018932",
        "alg": 26,
        "opt": 15
    },
    "execution_time_mean": 0.005721095018088818,
    "execution_time_std": 0.0,
    "num_valid_runs": 1,
    "num_invalid_runs": 0,
    "all_validation_errors": []
}