{
    "combined_score": 0,
    "public": {
        "competitive_ratio": 1.0,
        "num_intervals": 823,
        "intervals": "[(72.49000000000001, 73.24000000000001), (72.50000000000001, 73.24000000000001), (72.51, 73.24000000000001), (72.74000000000001, 72.74094321826071), (72.74000943218262, 72.74094321826071), (72.74001886436523, 72.74094321826071), (72.74023580456519, 72.7402387332081), (72.74023582408947, 72.7402387332081), (72.74023584361376, 72.7402387332081), (72.74023629267234, 72.74023657159071), (72.74023685050908, 72.74023712942746), (72.74023740834583, 72.7402376872642), (72.74023796618258, 72.74023824510094), (72.74039225266958, 72.7403951813125), (72.74039227219386, 72.7403951813125), (72.74039229171815, 72.7403951813125), (72.74039441428697, 72.74039469320533), (72.74039385645021, 72.74039413536859), (72.74039329861347, 72.74039357753185), (72.74039274077673, 72.7403930196951), (72.7405483688611, 72.74055129750401), (72.74054838838539, 72.74055129750401), (72.74054840790967, 72.74055129750401), (72.74054885696825, 72.74054913588662), (72.740549414805, 72.74054969372337), (72.74054997264174, 72",
        "alg": 14,
        "opt": 14
    },
    "execution_time_mean": 0.00042671291157603264,
    "execution_time_std": 0.0,
    "num_valid_runs": 1,
    "num_invalid_runs": 0,
    "all_validation_errors": []
}