{
    "combined_score": 1.9000000000000001,
    "public": {
        "competitive_ratio": 2.7142857142857144,
        "num_intervals": 9800,
        "intervals": "[(9926296, 9926297), (10128796, 10128797), (10331296, 10331297), (10533796, 10533797), (9927196, 9927197), (10129696, 10129697), (10332196, 10332197), (10534696, 10534697), (9928096, 9928097), (10130596, 10130597), (10333096, 10333097), (10535596, 10535597), (9928996, 9928997), (10131496, 10131497), (10333996, 10333997), (10536496, 10536497), (9926300, 9926301), (10128800, 10128801), (10331300, 10331301), (10533800, 10533801), (9927200, 9927201), (10129700, 10129701), (10332200, 10332201), (10534700, 10534701), (9928100, 9928101), (10130600, 10130601), (10333100, 10333101), (10535600, 10535601), (9929000, 9929001), (10131500, 10131501), (10334000, 10334001), (10536500, 10536501), (9926304, 9926305), (10128804, 10128805), (10331304, 10331305), (10533804, 10533805), (9927204, 9927205), (10129704, 10129705), (10332204, 10332205), (10534704, 10534705), (9928104, 9928105), (10130604, 10130605), (10333104, 10333105), (10535604, 10535605), (9929004, 9929005), (10131504, 10131505), (10334004, ",
        "alg": 19,
        "opt": 7
    },
    "execution_time_mean": 0.0052101267501711845,
    "execution_time_std": 0.0,
    "num_valid_runs": 1,
    "num_invalid_runs": 0,
    "all_validation_errors": []
}