{
    "combined_score": 1.2000000000000002,
    "public": {
        "competitive_ratio": 2.0,
        "num_intervals": 9800,
        "intervals": "[(13723171, 13723172), (10685671, 10685672), (7648171, 7648172), (4610671, 4610672), (13925671, 13925672), (10888171, 10888172), (7850671, 7850672), (4813171, 4813172), (14128171, 14128172), (11090671, 11090672), (8053171, 8053172), (5015671, 5015672), (14330671, 14330672), (11293171, 11293172), (8255671, 8255672), (5218171, 5218172), (13724071, 13724072), (10686571, 10686572), (7649071, 7649072), (4611571, 4611572), (13926571, 13926572), (10889071, 10889072), (7851571, 7851572), (4814071, 4814072), (14129071, 14129072), (11091571, 11091572), (8054071, 8054072), (5016571, 5016572), (14331571, 14331572), (11294071, 11294072), (8256571, 8256572), (5219071, 5219072), (13724971, 13724972), (10687471, 10687472), (7649971, 7649972), (4612471, 4612472), (13927471, 13927472), (10889971, 10889972), (7852471, 7852472), (4814971, 4814972), (14129971, 14129972), (11092471, 11092472), (8054971, 8054972), (5017471, 5017472), (14332471, 14332472), (11294971, 11294972), (8257471, 8257472), (5219971, 5",
        "alg": 12,
        "opt": 6
    },
    "execution_time_mean": 0.005745566915720701,
    "execution_time_std": 0.0,
    "num_valid_runs": 1,
    "num_invalid_runs": 0,
    "all_validation_errors": []
}