{
    "combined_score": 0,
    "public": {
        "competitive_ratio": 1.7272727272727273,
        "num_intervals": 4018,
        "intervals": "[(106786, 106787), (309286, 309287), (511786, 511787), (714286, 714287), (147286, 147287), (349786, 349787), (552286, 552287), (754786, 754787), (133786, 133787), (336286, 336287), (538786, 538787), (741286, 741287), (120286, 120287), (322786, 322787), (525286, 525287), (727786, 727787), (107686, 107687), (310186, 310187), (512686, 512687), (715186, 715187), (148186, 148187), (350686, 350687), (553186, 553187), (755686, 755687), (134686, 134687), (337186, 337187), (539686, 539687), (742186, 742187), (121186, 121187), (323686, 323687), (526186, 526187), (728686, 728687), (104986, 104987), (307486, 307487), (509986, 509987), (712486, 712487), (145486, 145487), (347986, 347987), (550486, 550487), (752986, 752987), (131986, 131987), (334486, 334487), (536986, 536987), (739486, 739487), (118486, 118487), (320986, 320987), (523486, 523487), (725986, 725987), (105886, 105887), (308386, 308387), (510886, 510887), (713386, 713387), (146386, 146387), (348886, 348887), (551386, 551387), (753886, ",
        "alg": 19,
        "opt": 11
    },
    "execution_time_mean": 0.006689208094030619,
    "execution_time_std": 0.0,
    "num_valid_runs": 1,
    "num_invalid_runs": 0,
    "all_validation_errors": []
}