{
    "combined_score": 0.4,
    "public": {
        "competitive_ratio": 1.3333333333333333,
        "num_intervals": 9800,
        "intervals": "[(10631249, 10631250), (7391249, 7391250), (4151249, 4151250), (911249, 911250), (10847249, 10847250), (7607249, 7607250), (4367249, 4367250), (1127249, 1127250), (11063249, 11063250), (7823249, 7823250), (4583249, 4583250), (1343249, 1343250), (11279249, 11279250), (8039249, 8039250), (4799249, 4799250), (1559249, 1559250), (10616849, 10616850), (7376849, 7376850), (4136849, 4136850), (896849, 896850), (10832849, 10832850), (7592849, 7592850), (4352849, 4352850), (1112849, 1112850), (11048849, 11048850), (7808849, 7808850), (4568849, 4568850), (1328849, 1328850), (11264849, 11264850), (8024849, 8024850), (4784849, 4784850), (1544849, 1544850), (10602449, 10602450), (7362449, 7362450), (4122449, 4122450), (882449, 882450), (10818449, 10818450), (7578449, 7578450), (4338449, 4338450), (1098449, 1098450), (11034449, 11034450), (7794449, 7794450), (4554449, 4554450), (1314449, 1314450), (11250449, 11250450), (8010449, 8010450), (4770449, 4770450), (1530449, 1530450), (10588049, 10588050),",
        "alg": 4,
        "opt": 3
    },
    "execution_time_mean": 0.006059945095330477,
    "execution_time_std": 0.0,
    "num_valid_runs": 1,
    "num_invalid_runs": 0,
    "all_validation_errors": []
}