{
    "combined_score": 1.1666666666666667,
    "public": {
        "num_intervals": 16,
        "intervals": "[(50, 52), (46, 54), (40, 44), (42, 48), (36, 56), (30, 34), (32, 38), (26, 58), (20, 24), (22, 28), (16, 60), (10, 14), (12, 18), (6, 62), (0, 4), (2, 8)]",
        "alg": 7,
        "opt": 6
    },
    "execution_time_mean": 5.885722829960287,
    "execution_time_std": 0.0,
    "num_valid_runs": 1,
    "num_invalid_runs": 0,
    "all_validation_errors": []
}