{
    "combined_score": 0,
    "public": {
        "competitive_ratio": 1.0714285714285714,
        "num_intervals": 6302,
        "intervals": "[(6378.960000000001, 6379.960000000001), (6380.960000000001, 6381.960000000001), (6382.960000000001, 6383.960000000001), (6384.960000000001, 6385.960000000001), (6382.460000000001, 6396.460000000001), (6398.960000000001, 6399.960000000001), (6396.960000000001, 6397.960000000001), (6394.960000000001, 6395.960000000001), (6392.960000000001, 6393.960000000001), (6396.460000000001, 6410.460000000001), (6406.960000000001, 6407.960000000001), (6408.960000000001, 6409.960000000001), (6410.960000000001, 6411.960000000001), (6412.960000000001, 6413.960000000001), (6410.460000000001, 6424.460000000001), (6426.960000000001, 6427.960000000001), (6424.960000000001, 6425.960000000001), (6422.960000000001, 6423.960000000001), (6420.960000000001, 6421.960000000001), (6424.460000000001, 6438.460000000001), (6434.960000000001, 6435.960000000001), (6436.960000000001, 6437.960000000001), (6438.960000000001, 6439.960000000001), (6440.960000000001, 6441.960000000001), (6438.460000000001, 6452.460000000001),",
        "alg": 15,
        "opt": 14
    },
    "execution_time_mean": 0.002979228738695383,
    "execution_time_std": 0.0,
    "num_valid_runs": 1,
    "num_invalid_runs": 0,
    "all_validation_errors": []
}