{
    "combined_score": 0,
    "public": {
        "competitive_ratio": 1.7142857142857142,
        "num_intervals": 9798,
        "intervals": "[(8637946, 8637947), (8813446, 8813447), (8988946, 8988947), (9164446, 9164447), (8638396, 8638397), (8813896, 8813897), (8989396, 8989397), (9164896, 9164897), (8639296, 8639297), (8814796, 8814797), (8990296, 8990297), (9165796, 9165797), (8640196, 8640197), (8815696, 8815697), (8991196, 8991197), (9166696, 9166697), (8637950, 8637951), (8813450, 8813451), (8988950, 8988951), (9164450, 9164451), (8638400, 8638401), (8813900, 8813901), (8989400, 8989401), (9164900, 9164901), (8639300, 8639301), (8814800, 8814801), (8990300, 8990301), (9165800, 9165801), (8640200, 8640201), (8815700, 8815701), (8991200, 8991201), (9166700, 9166701), (8637954, 8637955), (8813454, 8813455), (8988954, 8988955), (9164454, 9164455), (8638404, 8638405), (8813904, 8813905), (8989404, 8989405), (9164904, 9164905), (8639304, 8639305), (8814804, 8814805), (8990304, 8990305), (9165804, 9165805), (8640204, 8640205), (8815704, 8815705), (8991204, 8991205), (9166704, 9166705), (8637958, 8637959), (8813458, 8813459),",
        "alg": 24,
        "opt": 14
    },
    "execution_time_mean": 0.00619550421833992,
    "execution_time_std": 0.0,
    "num_valid_runs": 1,
    "num_invalid_runs": 0,
    "all_validation_errors": []
}