{
    "combined_score": 0,
    "public": {
        "competitive_ratio": 1.5384615384615385,
        "num_intervals": 15016,
        "intervals": "[(454106.25, 796331.25), (3876356.27, 4218581.27), (6157856.29, 6500081.29), (8439356.31, 8781581.31), (608681.25, 635006.25), (4030931.25, 4057256.25), (6312431.25, 6338756.25), (8593931.25, 8620256.25), (696431.27, 722756.27), (4118681.27, 4145006.27), (6400181.27, 6426506.27), (8681681.27, 8708006.27), (871931.29, 898256.29), (4294181.29, 4320506.29), (6575681.29, 6602006.29), (8857181.29, 8883506.29), (1047431.31, 1073756.31), (4469681.3100000005, 4496006.3100000005), (6751181.3100000005, 6777506.3100000005), (9032681.31, 9059006.31), (617006.25, 619031.25), (4039256.25, 4041281.25), (6320756.25, 6322781.25), (8602256.25, 8604281.25), (704756.25, 706781.25), (4127006.25, 4129031.25), (6408506.25, 6410531.25), (8690006.25, 8692031.25), (880256.25, 882281.25), (4302506.25, 4304531.25), (6584006.25, 6586031.25), (8865506.25, 8867531.25), (1055756.25, 1057781.25), (4478006.25, 4480031.25), (6759506.25, 6761531.25), (9041006.25, 9043031.25), (623756.27, 625781.27), (4046006.27, 4048031.",
        "alg": 20,
        "opt": 13
    },
    "execution_time_mean": 0.005283310078084469,
    "execution_time_std": 0.0,
    "num_valid_runs": 0,
    "num_invalid_runs": 1,
    "all_validation_errors": [
        "Length 15016 exceeds the max limit of 10000 intervals"
    ]
}