{
    "combined_score": 0.7000000000000001,
    "public": {
        "competitive_ratio": 1.75,
        "num_intervals": 9800,
        "intervals": "[(979217, 979218), (4649233, 4649234), (8319249, 8319250), (11989265, 11989266), (1208593, 1208594), (4878609, 4878610), (8548625, 8548626), (12218641, 12218642), (1437969, 1437970), (5107985, 5107986), (8778001, 8778002), (12448017, 12448018), (1667345, 1667346), (5337361, 5337362), (9007377, 9007378), (12677393, 12677394), (987409, 987410), (4657425, 4657426), (8327441, 8327442), (11997457, 11997458), (1216785, 1216786), (4886801, 4886802), (8556817, 8556818), (12226833, 12226834), (1446161, 1446162), (5116177, 5116178), (8786193, 8786194), (12456209, 12456210), (1675537, 1675538), (5345553, 5345554), (9015569, 9015570), (12685585, 12685586), (1003793, 1003794), (4673809, 4673810), (8343825, 8343826), (12013841, 12013842), (1233169, 1233170), (4903185, 4903186), (8573201, 8573202), (12243217, 12243218), (1462545, 1462546), (5132561, 5132562), (8802577, 8802578), (12472593, 12472594), (1691921, 1691922), (5361937, 5361938), (9031953, 9031954), (12701969, 12701970), (1020177, 1020178),",
        "alg": 7,
        "opt": 4
    },
    "execution_time_mean": 0.011206649243831635,
    "execution_time_std": 0.0,
    "num_valid_runs": 1,
    "num_invalid_runs": 0,
    "all_validation_errors": []
}