{
    "combined_score": 1.9000000000000001,
    "public": {
        "competitive_ratio": 2.7142857142857144,
        "num_intervals": 9800,
        "intervals": "[(9954196, 9954197), (3879196, 3879197), (841696, 841697), (6916696, 6916697), (10359196, 10359197), (4284196, 4284197), (1246696, 1246697), (7321696, 7321697), (10156696, 10156697), (4081696, 4081697), (1044196, 1044197), (7119196, 7119197), (10561696, 10561697), (4486696, 4486697), (1449196, 1449197), (7524196, 7524197), (9927196, 9927197), (3852196, 3852197), (814696, 814697), (6889696, 6889697), (10332196, 10332197), (4257196, 4257197), (1219696, 1219697), (7294696, 7294697), (10129696, 10129697), (4054696, 4054697), (1017196, 1017197), (7092196, 7092197), (10534696, 10534697), (4459696, 4459697), (1422196, 1422197), (7497196, 7497197), (9967696, 9967697), (3892696, 3892697), (855196, 855197), (6930196, 6930197), (10372696, 10372697), (4297696, 4297697), (1260196, 1260197), (7335196, 7335197), (10170196, 10170197), (4095196, 4095197), (1057696, 1057697), (7132696, 7132697), (10575196, 10575197), (4500196, 4500197), (1462696, 1462697), (7537696, 7537697), (9940696, 9940697), (386569",
        "alg": 19,
        "opt": 7
    },
    "execution_time_mean": 0.008332512341439724,
    "execution_time_std": 0.0,
    "num_valid_runs": 1,
    "num_invalid_runs": 0,
    "all_validation_errors": []
}