{
    "combined_score": 2.3000000000000003,
    "public": {
        "competitive_ratio": 2.3,
        "num_intervals": 9800,
        "intervals": "[(7538476, 7538477), (10575976, 10575977), (1463476, 1463477), (4500976, 4500977), (6930976, 6930977), (9968476, 9968477), (855976, 855977), (3893476, 3893477), (7133476, 7133477), (10170976, 10170977), (1058476, 1058477), (4095976, 4095977), (7335976, 7335977), (10373476, 10373477), (1260976, 1260977), (4298476, 4298477), (7524976, 7524977), (10562476, 10562477), (1449976, 1449977), (4487476, 4487477), (6917476, 6917477), (9954976, 9954977), (842476, 842477), (3879976, 3879977), (7119976, 7119977), (10157476, 10157477), (1044976, 1044977), (4082476, 4082477), (7322476, 7322477), (10359976, 10359977), (1247476, 1247477), (4284976, 4284977), (7511476, 7511477), (10548976, 10548977), (1436476, 1436477), (4473976, 4473977), (6903976, 6903977), (9941476, 9941477), (828976, 828977), (3866476, 3866477), (7106476, 7106477), (10143976, 10143977), (1031476, 1031477), (4068976, 4068977), (7308976, 7308977), (10346476, 10346477), (1233976, 1233977), (4271476, 4271477), (7497976, 7497977), (105354",
        "alg": 23,
        "opt": 10
    },
    "execution_time_mean": 0.015080738812685013,
    "execution_time_std": 0.0,
    "num_valid_runs": 1,
    "num_invalid_runs": 0,
    "all_validation_errors": []
}