{
    "combined_score": 1.4000000000000001,
    "public": {
        "competitive_ratio": 1.5555555555555556,
        "num_intervals": 9800,
        "intervals": "[(2679985, 2679986), (2679989, 2679990), (2679993, 2679994), (2679997, 2679998), (2679986, 2679989), (2679994, 2679997), (2679984, 2679988), (2679999, 2680000), (2679987, 2679992), (2679991, 2679996), (2680045, 2680046), (2680049, 2680050), (2680053, 2680054), (2680057, 2680058), (2680046, 2680049), (2680054, 2680057), (2680044, 2680048), (2680059, 2680060), (2680047, 2680052), (2680051, 2680056), (2680105, 2680106), (2680109, 2680110), (2680113, 2680114), (2680117, 2680118), (2680106, 2680109), (2680114, 2680117), (2680104, 2680108), (2680119, 2680120), (2680107, 2680112), (2680111, 2680116), (2680165, 2680166), (2680169, 2680170), (2680173, 2680174), (2680177, 2680178), (2680166, 2680169), (2680174, 2680177), (2680164, 2680168), (2680179, 2680180), (2680167, 2680172), (2680171, 2680176), (2679999, 2680044), (2680119, 2680164), (2679969, 2680029), (2680194, 2680195), (2680014, 2680089), (2680074, 2680149), (2680885, 2680886), (2680889, 2680890), (2680893, 2680894), (2680897, 2680898),",
        "alg": 14,
        "opt": 9
    },
    "execution_time_mean": 0.007233615033328533,
    "execution_time_std": 0.0,
    "num_valid_runs": 1,
    "num_invalid_runs": 0,
    "all_validation_errors": []
}