{
    "combined_score": 0,
    "public": {
        "competitive_ratio": 1.3157894736842106,
        "num_intervals": 12286,
        "intervals": "[(4334097, 4334098), (4858385, 4858386), (5382673, 5382674), (5906961, 5906962), (4336145, 4336146), (4860433, 4860434), (5384721, 5384722), (5909009, 5909010), (4338193, 4338194), (4862481, 4862482), (5386769, 5386770), (5911057, 5911058), (4340241, 4340242), (4864529, 4864530), (5388817, 5388818), (5913105, 5913106), (4334101, 4334102), (4858389, 4858390), (5382677, 5382678), (5906965, 5906966), (4336149, 4336150), (4860437, 4860438), (5384725, 5384726), (5909013, 5909014), (4338197, 4338198), (4862485, 4862486), (5386773, 5386774), (5911061, 5911062), (4340245, 4340246), (4864533, 4864534), (5388821, 5388822), (5913109, 5913110), (4334105, 4334106), (4858393, 4858394), (5382681, 5382682), (5906969, 5906970), (4336153, 4336154), (4860441, 4860442), (5384729, 5384730), (5909017, 5909018), (4338201, 4338202), (4862489, 4862490), (5386777, 5386778), (5911065, 5911066), (4340249, 4340250), (4864537, 4864538), (5388825, 5388826), (5913113, 5913114), (4334109, 4334110), (4858397, 4858398),",
        "alg": 25,
        "opt": 19
    },
    "execution_time_mean": 0.004979685880243778,
    "execution_time_std": 0.0,
    "num_valid_runs": 0,
    "num_invalid_runs": 1,
    "all_validation_errors": [
        "Length 12286 exceeds the max limit of 10000 intervals"
    ]
}