{
    "combined_score": 0,
    "public": {
        "competitive_ratio": 1.1111111111111112,
        "num_intervals": 2380,
        "intervals": "[(3629.5, 3630.5), (3631.5, 3632.5), (3633.5, 3634.5), (3635.5, 3636.5), (3631.95, 3662.05), (3634.75, 3687.25), (3663.5, 3664.5), (3661.5, 3662.5), (3659.5, 3660.5), (3657.5, 3658.5), (3659.95, 3690.05), (3662.75, 3715.25), (3685.5, 3686.5), (3687.5, 3688.5), (3689.5, 3690.5), (3691.5, 3692.5), (3687.95, 3718.05), (3719.5, 3720.5), (3717.5, 3718.5), (3715.5, 3716.5), (3713.5, 3714.5), (3622.5, 3650.5), (3699.5, 3727.5), (3643.5, 3678.5), (3671.5, 3706.5), (3685.71875, 3687.46875), (3690.3125, 3692.0625), (3687.03125, 3689.21875), (3688.5625, 3690.75), (3625.3, 3633.7), (3639.3, 3647.7), (3653.3, 3661.7), (3667.3, 3675.7), (3681.3, 3689.7), (3695.3, 3703.7), (3635.1, 3649.1), (3656.1, 3670.1), (3677.1, 3691.1), (3698.1, 3712.1), (3659.25, 3900.75), (3908.1, 3922.1), (3887.1, 3901.1), (3866.1, 3880.1), (3845.1, 3859.1), (3905.3, 3913.7), (3891.3, 3899.7), (3877.3, 3885.7), (3863.3, 3871.7), (3849.3, 3857.7), (3835.3, 3843.7), (3898.5625, 3900.75), (3897.03125, 3899.21875), (3900.3125, 3",
        "alg": 20,
        "opt": 18
    },
    "execution_time_mean": 0.001982199028134346,
    "execution_time_std": 0.0,
    "num_valid_runs": 1,
    "num_invalid_runs": 0,
    "all_validation_errors": []
}