{
    "combined_score": 1.6,
    "public": {
        "competitive_ratio": 2.2857142857142856,
        "num_intervals": 9800,
        "intervals": "[(23837955, 23837956), (24188955, 24188956), (24539955, 24539956), (24890955, 24890956), (23839515, 23839516), (24190515, 24190516), (24541515, 24541516), (24892515, 24892516), (23841075, 23841076), (24192075, 24192076), (24543075, 24543076), (24894075, 24894076), (23842635, 23842636), (24193635, 24193636), (24544635, 24544636), (24895635, 24895636), (23837959, 23837960), (24188959, 24188960), (24539959, 24539960), (24890959, 24890960), (23839519, 23839520), (24190519, 24190520), (24541519, 24541520), (24892519, 24892520), (23841079, 23841080), (24192079, 24192080), (24543079, 24543080), (24894079, 24894080), (23842639, 23842640), (24193639, 24193640), (24544639, 24544640), (24895639, 24895640), (23837963, 23837964), (24188963, 24188964), (24539963, 24539964), (24890963, 24890964), (23839523, 23839524), (24190523, 24190524), (24541523, 24541524), (24892523, 24892524), (23841083, 23841084), (24192083, 24192084), (24543083, 24543084), (24894083, 24894084), (23842643, 23842644), (24193643",
        "alg": 16,
        "opt": 7
    },
    "execution_time_mean": 0.006274433806538582,
    "execution_time_std": 0.0,
    "num_valid_runs": 1,
    "num_invalid_runs": 0,
    "all_validation_errors": []
}