{
    "combined_score": 0,
    "public": {
        "competitive_ratio": 1.8461538461538463,
        "num_intervals": 9800,
        "intervals": "[(11488066, 11488067), (11447566, 11447567), (11461066, 11461067), (11474566, 11474567), (11488070, 11488071), (11447570, 11447571), (11461070, 11461071), (11474570, 11474571), (11488074, 11488075), (11447574, 11447575), (11461074, 11461075), (11474574, 11474575), (11488078, 11488079), (11447578, 11447579), (11461078, 11461079), (11474578, 11474579), (11488065, 11488069), (11447565, 11447569), (11461065, 11461069), (11474565, 11474569), (11488076, 11488080), (11447576, 11447580), (11461076, 11461080), (11474576, 11474580), (11488068, 11488073), (11447568, 11447573), (11461068, 11461073), (11474568, 11474573), (11488072, 11488077), (11447572, 11447577), (11461072, 11461077), (11474572, 11474577), (11488126, 11488127), (11447626, 11447627), (11461126, 11461127), (11474626, 11474627), (11488130, 11488131), (11447630, 11447631), (11461130, 11461131), (11474630, 11474631), (11488134, 11488135), (11447634, 11447635), (11461134, 11461135), (11474634, 11474635), (11488138, 11488139), (11447638",
        "alg": 24,
        "opt": 13
    },
    "execution_time_mean": 0.0066880290396511555,
    "execution_time_std": 0.0,
    "num_valid_runs": 1,
    "num_invalid_runs": 0,
    "all_validation_errors": []
}