{
    "combined_score": 0,
    "public": {
        "competitive_ratio": 1.0555555555555556,
        "num_intervals": 1908,
        "intervals": "[(61828.725, 63320.775), (54216.225, 55708.275), (46603.725, 48095.775), (57855.0, 63945.0), (48720.0, 54810.0), (53287.5, 57855.0), (45675.0, 50242.5), (50092.770000000004, 50099.63), (50064.770000000004, 50071.63), (50036.770000000004, 50043.63), (50081.5, 50116.5), (50053.5, 50088.5), (50109.5, 50137.5), (50032.5, 50060.5), (50123.5, 50124.5), (50125.5, 50126.5), (50127.5, 50128.5), (50129.5, 50130.5), (50099.0000007, 50126.9999993), (50101.5, 50102.5), (50099.5, 50100.5), (50097.5, 50098.5), (50095.5, 50096.5), (50071.0000007, 50098.9999993), (50067.5, 50068.5), (50069.5, 50070.5), (50071.5, 50072.5), (50073.5, 50074.5), (50043.0000007, 50070.9999993), (50045.5, 50046.5), (50043.5, 50044.5), (50041.5, 50042.5), (50039.5, 50040.5), (49658.0000105, 50077.9999895), (49619.5, 49620.5), (49621.5, 49622.5), (49623.5, 49624.5), (49625.5, 49626.5), (49623.0000007, 49650.9999993), (49653.5, 49654.5), (49651.5, 49652.5), (49649.5, 49650.5), (49647.5, 49648.5), (49651.0000007, 49678.9999993),",
        "alg": 19,
        "opt": 18
    },
    "execution_time_mean": 0.001639900729060173,
    "execution_time_std": 0.0,
    "num_valid_runs": 1,
    "num_invalid_runs": 0,
    "all_validation_errors": []
}