{
    "combined_score": 0,
    "public": {
        "competitive_ratio": 1.0384615384615385,
        "num_intervals": 9800,
        "intervals": "[(145546, 145547), (348046, 348047), (550546, 550547), (753046, 753047), (146446, 146447), (348946, 348947), (551446, 551447), (753946, 753947), (147346, 147347), (349846, 349847), (552346, 552347), (754846, 754847), (148246, 148247), (350746, 350747), (553246, 553247), (755746, 755747), (145550, 145551), (348050, 348051), (550550, 550551), (753050, 753051), (146450, 146451), (348950, 348951), (551450, 551451), (753950, 753951), (147350, 147351), (349850, 349851), (552350, 552351), (754850, 754851), (148250, 148251), (350750, 350751), (553250, 553251), (755750, 755751), (145552, 145553), (348052, 348053), (550552, 550553), (753052, 753053), (146452, 146453), (348952, 348953), (551452, 551453), (753952, 753953), (147352, 147353), (349852, 349853), (552352, 552353), (754852, 754853), (148252, 148253), (350752, 350753), (553252, 553253), (755752, 755753), (145554, 145555), (348054, 348055), (550554, 550555), (753054, 753055), (146454, 146455), (348954, 348955), (551454, 551455), (753954, ",
        "alg": 54,
        "opt": 52
    },
    "execution_time_mean": 0.028206901159137487,
    "execution_time_std": 0.0,
    "num_valid_runs": 1,
    "num_invalid_runs": 0,
    "all_validation_errors": []
}