{
    "combined_score": 0.7000000000000001,
    "public": {
        "competitive_ratio": 1.4,
        "num_intervals": 100,
        "intervals": "[(33, 34), (35, 36), (37, 38), (39, 40), (41, 42), (43, 44), (45, 46), (47, 48), (32, 36), (43, 47), (35, 40), (39, 44), (65, 66), (67, 68), (69, 70), (71, 72), (73, 74), (75, 76), (77, 78), (79, 80), (64, 68), (75, 79), (67, 72), (71, 76), (97, 98), (99, 100), (101, 102), (103, 104), (105, 106), (107, 108), (109, 110), (111, 112), (96, 100), (107, 111), (99, 104), (103, 108), (129, 130), (131, 132), (133, 134), (135, 136), (137, 138), (139, 140), (141, 142), (143, 144), (128, 132), (139, 143), (131, 136), (135, 140), (161, 162), (163, 164), (165, 166), (167, 168), (169, 170), (171, 172), (173, 174), (175, 176), (160, 164), (171, 175), (163, 168), (167, 172), (193, 194), (195, 196), (197, 198), (199, 200), (201, 202), (203, 204), (205, 206), (207, 208), (192, 196), (203, 207), (195, 200), (199, 204), (225, 226), (227, 228), (229, 230), (231, 232), (233, 234), (235, 236), (237, 238), (239, 240), (224, 228), (235, 239), (227, 232), (231, 236), (257, 258), (259, 260), (261, 262), (263, 26",
        "alg": 7,
        "opt": 5
    },
    "execution_time_mean": 2.731289714574814e-05,
    "execution_time_std": 0.0,
    "num_valid_runs": 1,
    "num_invalid_runs": 0,
    "all_validation_errors": []
}