{
    "combined_score": 0,
    "public": {
        "competitive_ratio": 1.5833333333333333,
        "num_intervals": 9565,
        "intervals": "[(5990866, 5990867), (5990870, 5990871), (5990874, 5990875), (5990878, 5990879), (5990865, 5990869), (5990876, 5990880), (5990868, 5990873), (5990872, 5990877), (5990926, 5990927), (5990930, 5990931), (5990934, 5990935), (5990938, 5990939), (5990925, 5990929), (5990936, 5990940), (5990928, 5990933), (5990932, 5990937), (5990986, 5990987), (5990990, 5990991), (5990994, 5990995), (5990998, 5990999), (5990985, 5990989), (5990996, 5991000), (5990988, 5990993), (5990992, 5990997), (5991046, 5991047), (5991050, 5991051), (5991054, 5991055), (5991058, 5991059), (5991045, 5991049), (5991056, 5991060), (5991048, 5991053), (5991052, 5991057), (5990850, 5990910), (5991015, 5991075), (5990895, 5990970), (5990955, 5991030), (5991766, 5991767), (5991770, 5991771), (5991774, 5991775), (5991778, 5991779), (5991765, 5991769), (5991776, 5991780), (5991768, 5991773), (5991772, 5991777), (5991826, 5991827), (5991830, 5991831), (5991834, 5991835), (5991838, 5991839), (5991825, 5991829), (5991836, 5991840),",
        "alg": 19,
        "opt": 12
    },
    "execution_time_mean": 0.005248816218227148,
    "execution_time_std": 0.0,
    "num_valid_runs": 1,
    "num_invalid_runs": 0,
    "all_validation_errors": []
}