{
    "combined_score": 1.0,
    "public": {
        "competitive_ratio": 1.4285714285714286,
        "num_intervals": 1571,
        "intervals": "[(6412, 6413), (6414, 6415), (6416, 6417), (6418, 6419), (6440, 6441), (6442, 6443), (6444, 6445), (6446, 6447), (6468, 6469), (6470, 6471), (6472, 6473), (6474, 6475), (6496, 6497), (6498, 6499), (6500, 6501), (6502, 6503), (6405, 6433), (6482, 6510), (6426, 6461), (6454, 6489), (6416, 6444), (6444, 6472), (6472, 6500), (6832, 6833), (6834, 6835), (6836, 6837), (6838, 6839), (6860, 6861), (6862, 6863), (6864, 6865), (6866, 6867), (6888, 6889), (6890, 6891), (6892, 6893), (6894, 6895), (6916, 6917), (6918, 6919), (6920, 6921), (6922, 6923), (6825, 6853), (6902, 6930), (6846, 6881), (6874, 6909), (6836, 6864), (6864, 6892), (6892, 6920), (7252, 7253), (7254, 7255), (7256, 7257), (7258, 7259), (7280, 7281), (7282, 7283), (7284, 7285), (7286, 7287), (7308, 7309), (7310, 7311), (7312, 7313), (7314, 7315), (7336, 7337), (7338, 7339), (7340, 7341), (7342, 7343), (7245, 7273), (7322, 7350), (7266, 7301), (7294, 7329), (7256, 7284), (7284, 7312), (7312, 7340), (7672, 7673), (7674, 7675), (7676",
        "alg": 10,
        "opt": 7
    },
    "execution_time_mean": 0.0023933779448270798,
    "execution_time_std": 0.0,
    "num_valid_runs": 1,
    "num_invalid_runs": 0,
    "all_validation_errors": []
}