{
    "combined_score": 0,
    "public": {
        "competitive_ratio": 1.4545454545454546,
        "num_intervals": 9800,
        "intervals": "[(11589750, 11876625), (11360250, 11647125), (11819250, 12048750), (11188125, 11417625), (11984055, 11984130), (11754555, 11754630), (11525055, 11525130), (11295555, 11295630), (11984955, 11985030), (11755455, 11755530), (11525955, 11526030), (11296455, 11296530), (11985855, 11985930), (11756355, 11756430), (11526855, 11526930), (11297355, 11297430), (11986755, 11986830), (11757255, 11757330), (11527755, 11527830), (11298255, 11298330), (11983995, 11984070), (11754495, 11754570), (11524995, 11525070), (11295495, 11295570), (11984895, 11984970), (11755395, 11755470), (11525895, 11525970), (11296395, 11296470), (11985795, 11985870), (11756295, 11756370), (11526795, 11526870), (11297295, 11297370), (11986695, 11986770), (11757195, 11757270), (11527695, 11527770), (11298195, 11298270), (11984115, 11984175), (11754615, 11754675), (11525115, 11525175), (11295615, 11295675), (11985015, 11985075), (11755515, 11755575), (11526015, 11526075), (11296515, 11296575), (11985915, 11985975), (11756415",
        "alg": 16,
        "opt": 11
    },
    "execution_time_mean": 0.0053786649368703365,
    "execution_time_std": 0.0,
    "num_valid_runs": 1,
    "num_invalid_runs": 0,
    "all_validation_errors": []
}